GOTOWIEC INWESTYCYJNY DWUPAK 	490 000 zł	12/04/2019	Praga Południe, 
    
    
        Warszawa	Właściciel	Mieszkanie	48Ursynów 3 pokoje 63m2 Metro	580 000 zł	17/04/2019	Ursynów, 
    
    
        Warszawa	Agencja	Mieszkanie	3 pokoje	63NOWE MIESZKANIE KŁOBUCKA	392 000 zł	17/04/2019	Ursynów, 
    
    
        Warszawa	Agencja	Mieszkanie	2 pokoje	46Nowe Mieszkanie 2 pokoje 40m2	378 000 zł	17/04/2019	Ursynów, 
    
    
        Warszawa	Agencja	Mieszkanie	2 pokoje	41Super Inwestycja Nowe Mieszkanie 2 Pokoje	402 000 zł	17/04/2019	Ursynów, 
    
    
        Warszawa	Agencja	Mieszkanie	2 pokoje	46NOWE 3 POKOJE 61, 5m2	519 000 zł	17/04/2019	Ursynów, 
    
    
        Warszawa	Agencja	Mieszkanie	3 pokoje	62SUPER INWESTYCJA - NOWA KAWALERKA	398 424 zł	17/04/2019	Mokotów, 
    
    
        Warszawa	Agencja	Mieszkanie	Kawalerka lub garsoniera	36Mieszkanie Warszawa Ochota 59m2 (nr: 400974)	649 000 zł	17/04/2019	Ochota, 
    
    
        Warszawa	Agencja	Mieszkanie	3 pokoje	1 łazienka	59Mieszkanie Warszawa Ochota 41m2 (nr: 400973)	450 000 zł	17/04/2019	Ochota, 
    
    
        Warszawa	Agencja	Mieszkanie	Kawalerka lub garsoniera	1 łazienka	41Śródmieście - Mieszkanie 1-pokojowe · 35 m² · 1 piętro	550 000 zł	17/04/2019	Śródmieście, 
    
    
        Warszawa	Agencja	Mieszkanie	Kawalerka lub garsoniera	1 łazienka	35Śródmieście - Mieszkanie 3-pokojowe · 87 m² · 13 piętro - Cena z garażem !!!	1 200 000 zł	17/04/2019	Śródmieście, 
    
    
        Warszawa	Agencja	Mieszkanie	3 pokoje	1 łazienka	87Wilanów - Mieszkanie 2-pokojowe · 55 m² · 1 piętro - W cenie garaż	669 000 zł	17/04/2019	Wilanów, 
    
    
        Warszawa	Agencja	Mieszkanie	2 pokoje	1 łazienka	55Przestronne 3-Pokojowe Mieszkanie 69 m2. 2 Linia Metra !!	699 000 zł	17/04/2019	Bemowo, 
    
    
        Warszawa	Agencja	Mieszkanie	3 pokoje	1 łazienka	69Czteropokojowe w pobliżu metra	670 000 zł	17/04/2019	Ursynów, 
    
    
        Warszawa	Agencja	Mieszkanie	4 pokoje	1 łazienka	84Przestronne 4/5 pokojowe mieszkanie w kamienicy przy Metrze Pl. Wilsona	1 210 000 zł	17/04/2019	Żoliborz, 
    
    
        Warszawa	Agencja	Mieszkanie	4 pokoje	106Dwupokojowe mieszkanie z 2006 roku, 2/3p ul. Wyspowa	380 000 zł	17/04/2019	Targówek, 
    
    
        Warszawa	Agencja	Mieszkanie	2 pokoje	1 łazienka	50Mieszkanie - Warszawa > Bemowo > Jelonki > Wacława Borowego	520 000 zł	17/04/2019	Bemowo, 
    
    
        Warszawa	Agencja	Mieszkanie	3 pokoje	1 łazienka	66Mieszkanie - Warszawa > Praga-Południe > Gocław > Grzegorza Przemyka	649 000 zł	17/04/2019	Praga Południe, 
    
    
        Warszawa	Agencja	Mieszkanie	4 pokoje	1 łazienka	70Mieszkanie - Warszawa > Praga-Południe > Opinogórska	515 200 zł	17/04/2019	Praga Południe, 
    
    
        Warszawa	Agencja	Mieszkanie	4 pokoje	1 łazienka	56Mieszkanie - Warszawa > Śródmieście > al. Solidarności	450 000 zł	17/04/2019	Śródmieście, 
    
    
        Warszawa	Agencja	Mieszkanie	2 pokoje	45Mieszkanie - Warszawa > Śródmieście > Ciasna	750 000 zł	17/04/2019	Śródmieście, 
    
    
        Warszawa	Agencja	Mieszkanie	3 pokoje	65Mieszkanie - Warszawa > Mokotów > Cybernetyki	382 800 zł	17/04/2019	Mokotów, 
    
    
        Warszawa	Agencja	Mieszkanie	2 pokoje	33Mieszkanie - Warszawa > Mokotów > Stary Mokotów > Jarosława Dąbrowskiego	890 000 zł	17/04/2019	Mokotów, 
    
    
        Warszawa	Agencja	Mieszkanie	4 pokoje	1 łazienka	84Dwustronne, rozkładowe 2 pok. z widną kuchnią i loggią-  Metro Słodowiec	420 000 zł	17/04/2019	Bielany, 
    
    
        Warszawa	Agencja	Mieszkanie	2 pokoje	46Mieszkanie - Warszawa > Śródmieście > Pańska	999 000 zł	17/04/2019	Śródmieście, 
    
    
        Warszawa	Agencja	Mieszkanie	2 pokoje	75Mieszkanie - Warszawa > Wola > Mirów > Łucka	2 150 000 zł	17/04/2019	Wola, 
    
    
        Warszawa	Agencja	Mieszkanie	6 lub więcej pokoi	3 łazienki	230Mieszkanie - Warszawa > Ursynów > Imielin > Alternatywy	740 000 zł	17/04/2019	Ursynów, 
    
    
        Warszawa	Agencja	Mieszkanie	3 pokoje	1 łazienka	78Mieszkanie - Warszawa > Praga-Południe > Gocław > Stanisława Mikołajczyka	770 000 zł	17/04/2019	Praga Południe, 
    
    
        Warszawa	Agencja	Mieszkanie	5 pokoi	1 łazienka	99Mieszkanie - Warszawa > Żoliborz > Sady Żoliborskie > Włościańska	1 799 000 zł	17/04/2019	Żoliborz, 
    
    
        Warszawa	Agencja	Mieszkanie	6 lub więcej pokoi	3 łazienki	235Mieszkanie - Warszawa > Wola > Mirów > Chłodna	970 000 zł	17/04/2019	Wola, 
    
    
        Warszawa	Agencja	Mieszkanie	3 pokoje	78Mieszkanie - Warszawa > Śródmieście > Świętojerska	750 000 zł	17/04/2019	Śródmieście, 
    
    
        Warszawa	Agencja	Mieszkanie	3 pokoje	2 łazienki	83Mieszkanie - Warszawa > Wola > Siedmiogrodzka	923 000 zł	17/04/2019	Wola, 
    
    
        Warszawa	Agencja	Mieszkanie	3 pokoje	71Mieszkanie - Warszawa > Praga-Północ > Szmulki > Białostocka	570 000 zł	17/04/2019	Praga Północ, 
    
    
        Warszawa	Agencja	Mieszkanie	3 pokoje	1 łazienka	74Mieszkanie - Warszawa > Wola > Grzybowska	480 000 zł	17/04/2019	Wola, 
    
    
        Warszawa	Agencja	Mieszkanie	3 pokoje	1 łazienka	48Mokotów 2 pokojowe mieszkanie 57 m2 z logią w apartamentowcu przy Al. Wyścigowej za 550000 zł	550 000 zł	17/04/2019	Mokotów, 
    
    
        Warszawa	Agencja	Mieszkanie	2 pokoje	2 łazienki	57Mieszkanie - Warszawa > Ursynów > Pląsy	824 000 zł	17/04/2019	Ursynów, 
    
    
        Warszawa	Agencja	Mieszkanie	3 pokoje	2 łazienki	104DOM w  zabudowie bliźniaczej w podwarszawskiej Magdalence 	2 500 000 zł	12/04/2019	Raszyn, 
    
    
        Pd - zach powiaty	Właściciel	Dom	6 lub więcej pokoi	2 łazienki	275	GarażMieszkanie Warszawa Ursynów 84.6m2 (nr: 247)	668 000 zł	01/04/2019	Ursynów, 
    
    
        Warszawa	Agencja	Mieszkanie	4 pokoje	85	UlicaNowe 3 pok. 69m w Józefosławiu, garaż, komórka	535 000 zł	18/03/2019	Piaseczno, 
    
    
        Południowe powiaty	Właściciel	Mieszkanie	3 pokoje	1 łazienka	69	GarażKawalerka na Żoliborzu, blisko metra	320 000 zł	17/04/2019	Żoliborz, 
    
    
        Warszawa	Agencja	Mieszkanie	Kawalerka lub garsoniera	1 łazienka	30Komfortowe 3 -pokojowe,Praga Południe, 68m2, SPRZEDAM lub ZAMIENIĘ	466 732 zł	17/04/2019	Praga Południe, 
    
    
        Warszawa	Właściciel	Mieszkanie	3 pokoje	1 łazienka	68PIĘKNE, 3-pok., Saska Kępa, SPRZEDAM, ZAMIENIĘ	597 246 zł	17/04/2019	Praga Południe, 
    
    
        Warszawa	Właściciel	Mieszkanie	3 pokoje	1 łazienka	47Mieszkanie jak dom, wysoki standard wykończenia	890 000 zł	17/04/2019	Wawer, 
    
    
        Warszawa	Właściciel	Mieszkanie	4 pokoje	2 łazienki	169	GarażDwustronne mieszkanie 3 pok. przy Aspekt	499 000 zł	17/04/2019	Bielany, 
    
    
        Warszawa	Agencja	Mieszkanie	3 pokoje	2 łazienki	60Mieszkanie w stanie deweloperskim z tarasem na dachu budynku! WOLA	676 000 zł	17/04/2019	Wola, 
    
    
        Warszawa	Agencja	Mieszkanie	3 pokoje	1 łazienka	55INWESTYCJA CASCADE RESIDENCE MOKOTÓW!	621 320 zł	17/04/2019	Mokotów, 
    
    
        Warszawa	Agencja	Mieszkanie	Kawalerka lub garsoniera	1 łazienka	44Kawalerka z balkonem w nowej aranżacji - w pobliżu Metra	308 000 zł	17/04/2019	Wola, 
    
    
        Warszawa	Agencja	Mieszkanie	Kawalerka lub garsoniera	252 pokoje z oddzielną kuchnią na Tarchominie!	499 000 zł	17/04/2019	Białołęka, 
    
    
        Warszawa	Agencja	Mieszkanie	2 pokoje	1 łazienka	744 pokoje! URSUS!	400 000 zł	17/04/2019	Ursus, 
    
    
        Warszawa	Agencja	Mieszkanie	4 pokoje	1 łazienka	58Mieszkanie do remontu blisko Centrum	570 000 zł	17/04/2019	Wola, 
    
    
        Warszawa	Agencja	Mieszkanie	3 pokoje	1 łazienka	58Promocja! Kawalerka blisko Centrum! Ostatnie mieszkanie!	342 000 zł	17/04/2019	Wola, 
    
    
        Warszawa	Agencja	Mieszkanie	Kawalerka lub garsoniera	1 łazienka	40Mieszkanie do remontu na Bemowie	510 000 zł	17/04/2019	Bemowo, 
    
    
        Warszawa	Agencja	Mieszkanie	3 pokoje	1 łazienka	65Polecam! 50 m2 2 pokoje ul. Wiejska	590 000 zł	17/04/2019	Śródmieście, 
    
    
        Warszawa	Agencja	Mieszkanie	2 pokoje	1 łazienka	50Mieszkanie Warszawa Żoliborz 46m2 (nr: 400986)	779 000 zł	17/04/2019	Żoliborz, 
    
    
        Warszawa	Agencja	Mieszkanie	2 pokoje	1 łazienka	46Przestronne mieszkanie z widokiem na zieleń- Bielany	630 000 zł	17/04/2019	Bielany, 
    
    
        Warszawa	Agencja	Mieszkanie	3 pokoje	2 łazienki	65Mieszkanie blisko Placu Zbawiciela - prestiżowa lokalizacja!	658 000 zł	17/04/2019	Śródmieście, 
    
    
        Warszawa	Agencja	Mieszkanie	2 pokoje	1 łazienka	46Piękne NOWE 2 pokoje na Ochocie POLECAM!	550 000 zł	17/04/2019	Ochota, 
    
    
        Warszawa	Agencja	Mieszkanie	2 pokoje	1 łazienka	42Apartament w okazyjnej cenie, POLECAM	730 000 zł	17/04/2019	Mokotów, 
    
    
        Warszawa	Agencja	Mieszkanie	3 pokoje	1 łazienka	99UW* Akademia Medyczna*Politechnika*SGH*HIT apartament z 2018*Inwestycyjnie*widok na centrum 9 piętro	299 900 zł	19/03/2019	Wola, 
    
    
        Warszawa	Właściciel	Mieszkanie	Kawalerka lub garsoniera	1 łazienka	Garaż2 pokoje, bardzo dobry rozkład, cesja, Słuzew	334 000 zł	21/03/2019	Mokotów, 
    
    
        Warszawa	Właściciel	Mieszkanie	2 pokoje	1 łazienka	33	Brak-BEZ PROWIZJI- Wola - 39m2 - z meblami - 2 pok. - I piętro - blisko parku - piwnica 	420 000 zł	17/04/2019	Wola, 
    
    
        Warszawa	Agencja	Mieszkanie	2 pokoje	1 łazienka	39Bez prowizji. Dom wolnostojący 85 m2, działka 650 m2, Rembertów.	599 000 zł	17/04/2019	Rembertów, 
    
    
        Warszawa	Agencja	Dom	4 pokoje	1 łazienka	85Mieszkanie - Warszawa > Śródmieście > al. Jana Pawła II	450 000 zł	17/04/2019	Śródmieście, 
    
    
        Warszawa	Agencja	Mieszkanie	2 pokoje	40Mieszkanie - Warszawa > Praga-Południe > Saska Kępa > al. Stanów Zjednoczonych	430 000 zł	17/04/2019	Praga Południe, 
    
    
        Warszawa	Agencja	Mieszkanie	2 pokoje	1 łazienka	50Mieszkanie - Warszawa > Mokotów > Bukowińska	600 000 zł	17/04/2019	Mokotów, 
    
    
        Warszawa	Agencja	Mieszkanie	2 pokoje	51Mieszkanie - Warszawa > Mokotów > Rajska	1 090 000 zł	17/04/2019	Mokotów, 
    
    
        Warszawa	Agencja	Mieszkanie	3 pokoje	93Śródmieście, Jana Pawła II, wykończone, dwupokojowe	535 600 zł	30/03/2019	Śródmieście, 
    
    
        Warszawa	Właściciel	Mieszkanie	2 pokoje	1 łazienka	41	UlicaMieszkanie Warszawa Wilanów, ul. Prymasa Augusta Hlonda	745 000 zł	04/04/2019	Wilanów, 
    
    
        Warszawa	Właściciel	Mieszkanie	3 pokoje	1 łazienka	71	GarażNowoczesny segment,świetna okolica,szkoła,przedszkole	497 000 zł	22/03/2019	Marki, 
    
    
        Pn - wsch powiaty	Właściciel	Dom	6 lub więcej pokoi	2 łazienki	116	KrytyKamienica w sąsiedztwie Łazienek Królewskich/ 65 m2	630 000 zł	19/04/2019	Mokotów, 
    
    
        Warszawa	Agencja	Mieszkanie	2 pokoje	652-pokojowe mieszkanie w doskonałej lokalizacji i wysokim standardzie/ 64 m2	765 000 zł	19/04/2019	Mokotów, 
    
    
        Warszawa	Agencja	Mieszkanie	2 pokoje	642 pokoje na Mokotowie!	419 000 zł	19/04/2019	Mokotów, 
    
    
        Warszawa	Agencja	Mieszkanie	2 pokoje	1 łazienka	46Kawalerka w Unique Tower, bez prowizji, bez pcc	530 892 zł	19/04/2019	Wola, 
    
    
        Warszawa	Agencja	Mieszkanie	Kawalerka lub garsoniera	29	Kryty3 pokoje, Praga, OKAZJA!	439 000 zł	19/04/2019	Praga Południe, 
    
    
        Warszawa	Agencja	Mieszkanie	3 pokoje	1 łazienka	58Mieszkanie idealne pod inwestycję!	541 000 zł	19/04/2019	Śródmieście, 
    
    
        Warszawa	Agencja	Mieszkanie	Kawalerka lub garsoniera	1 łazienka	373 pokoje, Mokotów, duże możliwości aranżacji	1 500 000 zł	19/04/2019	Mokotów, 
    
    
        Warszawa	Agencja	Mieszkanie	3 pokoje	1 łazienka	943 pokoje, Praga, gotowe do zamieszkania	450 000 zł	19/04/2019	Praga Północ, 
    
    
        Warszawa	Agencja	Mieszkanie	3 pokoje	1 łazienka	613 pokoje Centrum Warszawy, blisko metra	600 000 zł	19/04/2019	Śródmieście, 
    
    
        Warszawa	Agencja	Mieszkanie	3 pokoje	1 łazienka	49OKAZJA! 2 pokoje, Dolny Mokotów	430 000 zł	19/04/2019	Mokotów, 
    
    
        Warszawa	Agencja	Mieszkanie	2 pokoje	1 łazienka	47Mieszkanie blisko metra!	715 000 zł	19/04/2019	Ursynów, 
    
    
        Warszawa	Agencja	Mieszkanie	3 pokoje	1 łazienka	67!!Kamienica, absolutnie fantastyczny apartament, 4 pokoje, około 3 m wysokość!!!	599 000 zł	19/04/2019	Mokotów, 
    
    
        Warszawa	Agencja	Mieszkanie	4 pokoje	1 łazienka	56	UlicaDom ok 70m2, 2 pokoje,działka ok 3600m2 lub 2,5 ha Klembów ok 3 km do PKP	249 000 zł	19/04/2019	Wołomin, 
    
    
        Pn - wsch powiaty	Agencja	Dom	2 pokoje	1 łazienka	70	GarażWyspa Madera - apartament 	465 000 zł	19/04/2019	Śródmieście, 
    
    
        Warszawa	Agencja	Mieszkanie	2 pokoje	1 łazienka	45	UlicaFajne mieszkanie na Ursusie! 3 pokoje 59m2!	475 600 zł	19/04/2019	Ursus, 
    
    
        Warszawa	Agencja	Mieszkanie	3 pokoje	1 łazienka	59Sprzedam bardzo ładne, gotowe do wejścia, 3 pokojowe mieszkanie na Pradze- Południe	465 000 zł	19/04/2019	Praga Południe, 
    
    
        Warszawa	Agencja	Mieszkanie	3 pokoje	57	UlicaMieszkanie na start	320 000 zł	19/04/2019	Praga Północ, 
    
    
        Warszawa	Agencja	Mieszkanie	2 pokoje	42Kup w przedsprzedaży! 3 pokoje	365 514 zł	19/04/2019	Białołęka, 
    
    
        Warszawa	Agencja	Mieszkanie	3 pokoje	57	Kryty46m2 2 pokoje 397 tyś PLN	397 889 zł	19/04/2019	Mokotów, 
    
    
        Warszawa	Agencja	Mieszkanie	Kawalerka lub garsoniera	46	KrytyDo kupienia 3 pokojowe mieszkanie prosto od dewelopera, bez podatku PCC 2 %, bez prowizji 0 %, 	443 025 zł	19/04/2019	Praga Południe, 
    
    
        Warszawa	Agencja	Mieszkanie	3 pokoje	53	KrytyNOWOCZESNE, BEZCZYNSZOWE MIESZKANIE Z OGRÓDKIEM	450 000 zł	19/04/2019	Marki, 
    
    
        Pn - wsch powiaty	Agencja	Mieszkanie	3 pokoje	1 łazienka	74	GarażPrzestronne, 3 pokojowe, gotowe do zamieszkania	445 000 zł	19/04/2019	Legionowo, 
    
    
        Północne powiaty	Agencja	Mieszkanie	3 pokoje	1 łazienka	69Sprzedam 3 pokojowe, przestronne mieszkanie w świetnej lokalizacji.	1 036 500 zł	19/04/2019	Mokotów, 
    
    
        Warszawa	Agencja	Mieszkanie	3 pokoje	1 łazienka	80	UlicaAtrakcyjne, 3 pokojowe, gotowe do wprowadzenia	380 000 zł	19/04/2019	Legionowo, 
    
    
        Północne powiaty	Agencja	Mieszkanie	3 pokoje	1 łazienka	62	Garaż2 pokojowe mieszkanie przy Mordorze	370 000 zł	19/04/2019	Mokotów, 
    
    
        Warszawa	Agencja	Mieszkanie	2 pokoje	1 łazienka	35	UlicaWille Potoki, Metro Wilanowska	2 310 850 zł	19/04/2019	Mokotów, 
    
    
        Warszawa	Agencja	Mieszkanie	6 lub więcej pokoi	2 łazienki	204	KrytySprzedam klimatyczne mieszkanie w kamienicy	720 000 zł	19/04/2019	Śródmieście, 
    
    
        Warszawa	Agencja	Mieszkanie	2 pokoje	1 łazienka	36	UlicaSprzedam mieszkanie na 2-pokojowe Ursynowie, prowizja 0%	383 000 zł	19/04/2019	Ursynów, 
    
    
        Warszawa	Agencja	Mieszkanie	2 pokoje	42	KrytyApartament przy metrze Wilanowska BEZ PROWIZJI	1 021 514 zł	19/04/2019	Mokotów, 
    
    
        Warszawa	Agencja	Mieszkanie	4 pokoje	2 łazienki	101	KrytySprzedam 3 pokojowe mieszkanie, 0%PCC, 0%prowizji!	456 960 zł	19/04/2019	Ursus, 
    
    
        Warszawa	Agencja	Mieszkanie	3 pokoje	57	UlicaOKAZJA, parterowy dom jednorodzinny, w cenie mieszkania, super dojazd do Warszawy, A2	369 000 zł	19/04/2019	Sochaczew, 
    
    
        Zachodnie powiaty	Właściciel	Mieszkanie	3 pokoje	1 łazienka	653 pokojowe mieszkanie z potencjałem	380 000 zł	19/04/2019	Praga Południe, 
    
    
        Warszawa	Agencja	Mieszkanie	3 pokoje	1 łazienka	56	UlicaPraga Południe Wiatraczna 4 pokoje 54m2	438 129 zł	19/04/2019	Praga Południe, 
    
    
        Warszawa	Agencja	Mieszkanie	4 pokoje	54	KrytyMieszkanie 2 pokoje w doskonałej lokalizacji-Mokotów!	496 800 zł	19/04/2019	Mokotów, 
    
    
        Warszawa	Agencja	Mieszkanie	2 pokoje	36	UlicaWILANÓW MIESZKANIE Z ANTRESOLĄ BEZPOŚREDNIO	475 000 zł	23/03/2019	Wilanów, 
    
    
        Warszawa	Właściciel	Mieszkanie	Kawalerka lub garsoniera	1 łazienka	41	GarażCiekawe 3-pokojowe na Bródnie	429 000 zł	12/04/2019	Targówek, 
    
    
        Warszawa	Właściciel	Mieszkanie	3 pokoje	1 łazienka	47	UlicaMieszkanie Piaseczno 33m2 (nr: 220)	238 000 zł	01/04/2019	Piaseczno, 
    
    
        Południowe powiaty	Agencja	Mieszkanie	2 pokoje	33	UlicaKomfortowe 4 pokojowe mieszkanie (77 m2) na Mokotowie	720 000 zł	19/04/2019	Mokotów, 
    
    
        Warszawa	Agencja	Mieszkanie	4 pokoje	1 łazienka	773 pokojowe mieszkanie 66m2 Ursus	560 000 zł	19/04/2019	Ursus, 
    
    
        Warszawa	Agencja	Mieszkanie	3 pokoje	1 łazienka	66PIĘKNY APARTAMENT MOKOTÓW 75 m2 !!!	765 900 zł	19/04/2019	Mokotów, 
    
    
        Warszawa	Agencja	Mieszkanie	3 pokoje	75INWESTUJ CENTRUM 44 m2 !! 2 POKOJE	695 000 zł	19/04/2019	Śródmieście, 
    
    
        Warszawa	Agencja	Mieszkanie	2 pokoje	43URSYNÓW 61m2 3 pokoje PRZY METRZE !!!!	475 000 zł	19/04/2019	Ursynów, 
    
    
        Warszawa	Agencja	Mieszkanie	3 pokoje	61INWESTUJ NA WOLI 45m2 3 pokoje !!!	465 000 zł	19/04/2019	Wola, 
    
    
        Warszawa	Agencja	Mieszkanie	3 pokoje	45Żoliborz 76 m2 2 pokoje 2 poziomy 2x loggia !! OKAZJA !	825 000 zł	19/04/2019	Żoliborz, 
    
    
        Warszawa	Agencja	Mieszkanie	2 pokoje	76PRZY SAMYM METRZE ! WOLA 3 pokoje 50 m2 !	450 000 zł	19/04/2019	Wola, 
    
    
        Warszawa	Agencja	Mieszkanie	3 pokoje	50METRO KABATY 3 pokoje 86m2 !! okazja !!	794 000 zł	19/04/2019	Ursynów, 
    
    
        Warszawa	Agencja	Mieszkanie	3 pokoje	86INWESTUJ !! CENTRUM ! 28 m2 !!	480 000 zł	19/04/2019	Śródmieście, 
    
    
        Warszawa	Agencja	Mieszkanie	Kawalerka lub garsoniera	2880 m2 !!! URSUS 4 POKOJE !	670 000 zł	19/04/2019	Ursus, 
    
    
        Warszawa	Agencja	Mieszkanie	4 pokoje	79BIELANY 42 m2 OKAZJA !!! 2 pokoje	390 000 zł	19/04/2019	Bielany, 
    
    
        Warszawa	Agencja	Mieszkanie	2 pokoje	42Przy samym PARKU MOCZYDŁO 3 pokoje 55 m2 !!!! OKAZJA	545 000 zł	19/04/2019	Wola, 
    
    
        Warszawa	Agencja	Mieszkanie	3 pokoje	55Okazja dobrej inwestycji w Śródmieściu.	619 000 zł	19/04/2019	Śródmieście, 
    
    
        Warszawa	Agencja	Mieszkanie	3 pokoje	1 łazienka	55TRZY POKOJE na Białołęce !! 68 m2 !	477 000 zł	19/04/2019	Białołęka, 
    
    
        Warszawa	Agencja	Mieszkanie	3 pokoje	69Ciche, słoneczne 3 pokoje po generalnym remoncie - Targówek	419 000 zł	19/04/2019	Targówek, 
    
    
        Warszawa	Agencja	Mieszkanie	3 pokoje	1 łazienka	47Urządzone, luksusowe do wprowadzenia	724 000 zł	19/04/2019	Mokotów, 
    
    
        Warszawa	Agencja	Mieszkanie	2 pokoje	1 łazienka	4873m2, Dolny Mokotów, OKAZJA!	690 000 zł	19/04/2019	Mokotów, 
    
    
        Warszawa	Agencja	Mieszkanie	3 pokoje	73Ekskluzywny apartament 87 m2, 3 pok, Nowowiejska/Niepodległości, Kamienica, Balkon, Winda, LUX	1 055 000 zł	16/04/2019	Śródmieście, 
    
    
        Warszawa	Właściciel	Mieszkanie	3 pokoje	2 łazienki	87Klimatyczne mieszkanie w kamienicy sprzedam bezpośrednio	710 000 zł	04/04/2019	Śródmieście, 
    
    
        Warszawa	Właściciel	Mieszkanie	2 pokoje	1 łazienka	621 - POKOJOWE - ŚWIETNA INWESTYCJA I LOKALIZACJA !	443 950 zł	09/04/2019	Wola, 
    
    
        Warszawa	Agencja	Mieszkanie	Kawalerka lub garsoniera	1 łazienka	37	GarażDo kupienia przestronne 5 pokojowe mieszkanie w cichej lokalizacji.	1 161 267 zł	19/04/2019	Mokotów, 
    
    
        Warszawa	Agencja	Mieszkanie	5 pokoi	3 łazienki	119	KrytyPrzestronny 3-apartament 67m2 na Mokotowie	799 000 zł	19/04/2019	Mokotów, 
    
    
        Warszawa	Agencja	Mieszkanie	3 pokoje	1 łazienka	67	KrytyWyjątkowe mieszkanie w kamienicy na Starym Mieście	730 000 zł	19/04/2019	Śródmieście, 
    
    
        Warszawa	Agencja	Mieszkanie	3 pokoje	2 łazienki	55	Ulica2 pokoje na Ursusie! 0% PCC, 0% PROWIZJI!	352 000 zł	19/04/2019	Ursus, 
    
    
        Warszawa	Agencja	Mieszkanie	2 pokoje	1 łazienka	47	KrytyMieszkanie z potencjałem - Praga Południe, 3 pok.	460 000 zł	19/04/2019	Praga Południe, 
    
    
        Warszawa	Agencja	Mieszkanie	3 pokoje	62	UlicaDo kupienia gotowe do odbioru 3 pokojowe mieszkanie w apartamentowcu.	692 580 zł	19/04/2019	Ursynów, 
    
    
        Warszawa	Agencja	Mieszkanie	3 pokoje	77	KrytyBEZPOŚREDNIO Jabłonna - przytulne 2 pok. gotowe do zamieszkania 	265 000 zł	21/03/2019	Legionowo, 
    
    
        Północne powiaty	Właściciel	Mieszkanie	2 pokoje	1 łazienka	45	UlicaSprzedam bezpośrednio mieszkanie 73 m2 w stanie deweloperskim ul. Śródziemnomorska	692 000 zł	02/03/2019	Mokotów, 
    
    
        Warszawa	Właściciel	Mieszkanie	3 pokoje	2 łazienki	73	GarażMieszkanie w Centrum za Żelazną Bramą , świetna lokalizacja	549 000 zł	02/04/2019	Śródmieście, 
    
    
        Warszawa	Agencja	Mieszkanie	3 pokoje	1 łazienka	49OKAZJA !!! Piękny apartament Ochota Polecam !	1 054 000 zł	20/04/2019	Ochota, 
    
    
        Warszawa	Agencja	Mieszkanie	4 pokoje	1 łazienka	91Przestronne, jasne mieszkanie 102, 4 m 2 Warszawa Włochy	790 000 zł	20/04/2019	Włochy, 
    
    
        Warszawa	Agencja	Mieszkanie	4 pokoje	2 łazienki	102Mieszkanie dwupokojowe Okazja! Tylko u nas!	600 000 zł	20/04/2019	Śródmieście, 
    
    
        Warszawa	Agencja	Mieszkanie	2 pokoje	1 łazienka	69Mieszkanie dwupokojowe Okazja! Tylko u nas!	600 000 zł	20/04/2019	Śródmieście, 
    
    
        Warszawa	Agencja	Mieszkanie	2 pokoje	1 łazienka	69Mieszkanie dwupokojowe Okazja! Tylko u nas!	600 000 zł	20/04/2019	Śródmieście, 
    
    
        Warszawa	Agencja	Mieszkanie	2 pokoje	1 łazienka	69Mieszkanie Warszawa Bemowo 88m2 (nr: 401877)	690 000 zł	20/04/2019	Bemowo, 
    
    
        Warszawa	Agencja	Mieszkanie	4 pokoje	1 łazienka	882 pokoje na warszawskiej Woli! SZYBKI DOJAZD DO CENTRUM!	597 000 zł	20/04/2019	Wola, 
    
    
        Warszawa	Agencja	Mieszkanie	2 pokoje	1 łazienka	43Nowoczesny apartament	1 072 500 zł	20/04/2019	Mokotów, 
    
    
        Warszawa	Agencja	Mieszkanie	3 pokoje	2 łazienki	72Sprzedam mieszkanie 3 pokojowe 64.50m2 Wilanów	580 000 zł	20/04/2019	Wilanów, 
    
    
        Warszawa	Agencja	Mieszkanie	3 pokoje	1 łazienka	65Mieszkanie - Warszawa > Bielany > Chomiczówka > Renesansowa	499 000 zł	20/04/2019	Bielany, 
    
    
        Warszawa	Agencja	Mieszkanie	3 pokoje	1 łazienka	60Mieszkanie - Warszawa > Wola > Muranów > al. Jana Pawła II	1 241 000 zł	20/04/2019	Wola, 
    
    
        Warszawa	Agencja	Mieszkanie	4 pokoje	2 łazienki	146Sprzedam piękne mieszkanie 2 pokojowe 55 m² Saska-Kępa	742 500 zł	20/04/2019	Praga Południe, 
    
    
        Warszawa	Agencja	Mieszkanie	2 pokoje	1 łazienka	55 CENTRUM BEZPOSREDNIO 2 POK po remoncie ul.Białobrzeska/Al. Jerozolimskie	500 000 zł	04/04/2019	Śródmieście, 
    
    
        Warszawa	Właściciel	Mieszkanie	2 pokoje	1 łazienka	38	UlicaDom parterowy z ogrodem, lasem, basenem Szydłowiec	677 000 zł	20/04/2019	Szydłowiec, 
    
    
        Południowe powiaty	Agencja	Dom	6 lub więcej pokoi	2 łazienki	210Mieszkanie - Warszawa > Śródmieście > Pańska	999 000 zł	20/04/2019	Śródmieście, 
    
    
        Warszawa	Agencja	Mieszkanie	2 pokoje	75Nowy!! Apartament 58m2 3 pokoje Żoliborz !	689 000 zł	20/04/2019	Żoliborz, 
    
    
        Warszawa	Agencja	Mieszkanie	3 pokoje	58Przestronne 2-poziomowe mieszkanie 76.16m2 na Żoliborzu.	795 000 zł	20/04/2019	Żoliborz, 
    
    
        Warszawa	Agencja	Mieszkanie	2 pokoje	76Żoliborz 68, 5 m2 3 pokoje !!!	535 000 zł	20/04/2019	Żoliborz, 
    
    
        Warszawa	Agencja	Mieszkanie	3 pokoje	68Piękne mieszkanie WOLA 67m2 3 pokoje !!!	899 000 zł	20/04/2019	Wola, 
    
    
        Warszawa	Agencja	Mieszkanie	3 pokoje	67WOLA !! 53 m2 2 pokoje !! OKAZJA !!!!	550 000 zł	20/04/2019	Wola, 
    
    
        Warszawa	Agencja	Mieszkanie	2 pokoje	52PIĘKNIE ODREMONTOWANE 3 pokoje WOLA !! METRO !	538 000 zł	20/04/2019	Wola, 
    
    
        Warszawa	Agencja	Mieszkanie	3 pokoje	54NIESAMOWITE mieszkanie 60m2 3 pokoje WOLA !!	655 000 zł	20/04/2019	Wola, 
    
    
        Warszawa	Agencja	Mieszkanie	3 pokoje	60OKAZJA ! 71 m2 3 pokoje BEMOWO	610 000 zł	20/04/2019	Bemowo, 
    
    
        Warszawa	Agencja	Mieszkanie	3 pokoje	71Bemowo ! 2 pokoje 53, 55 m2 !	395 000 zł	20/04/2019	Bemowo, 
    
    
        Warszawa	Agencja	Mieszkanie	2 pokoje	53Ładne i zadbane trzypokojowe mieszkanie	725 000 zł	20/04/2019	Wilanów, 
    
    
        Warszawa	Agencja	Mieszkanie	3 pokoje	1 łazienka	72Funkcjonalne mieszkanie przy Parku Arkadia	1 020 000 zł	20/04/2019	Mokotów, 
    
    
        Warszawa	Agencja	Mieszkanie	4 pokoje	1 łazienka	80INWESTUJ !! 4 pokoje na BIELANACH 65 m2	565 000 zł	20/04/2019	Bielany, 
    
    
        Warszawa	Agencja	Mieszkanie	4 pokoje	652 pokoje przy Łazienkach Królewskich - super inwestycja!	649 000 zł	20/04/2019	Mokotów, 
    
    
        Warszawa	Agencja	Mieszkanie	2 pokoje	1 łazienka	6258m z dużym balkonem na Jana Kazimierza!	525 000 zł	20/04/2019	Wola, 
    
    
        Warszawa	Agencja	Mieszkanie	2 pokoje	58Dom W-Wa/Zacisze	1 150 000 zł	20/04/2019	Targówek, 
    
    
        Warszawa	Agencja	Dom	320Gotowe do wprowadzenia 300 m od SKM. Anin	620 000 zł	20/04/2019	Wawer, 
    
    
        Warszawa	Agencja	Mieszkanie	3 pokoje	1 łazienka	81	Ulica60m2 Ursynów,ul.Nowoursynowska143,własność, K.W,IV/4,c.445 tyś	445 000 zł	20/04/2019	Ursynów, 
    
    
        Warszawa	Agencja	Mieszkanie	2 pokoje	1 łazienka	600% WILGA dom z bala 57 m2 na działce 3100 m2!	290 000 zł	20/04/2019	Garwolin, 
    
    
        Pd - wsch powiaty	Agencja	Dom	3 pokoje	1 łazienka	57	GarażŚwieżo wykończony apartament na Górnym Mokotowie. Bez PCC!	830 000 zł	20/04/2019	Mokotów, 
    
    
        Warszawa	Agencja	Mieszkanie	3 pokoje	1 łazienka	69	GarażURSYNÓW – 48 m - osiedle strzeżone – bezpośrednio !!!	456 000 zł	20/04/2019	Ursynów, 
    
    
        Warszawa	Właściciel	Mieszkanie	Kawalerka lub garsoniera	1 łazienka	48	GarażDom wolnostojący na Białołęce (Brzeziny) z garażem! ul.Głębocka, w pobliżu IKEA	1 050 000 zł	18/04/2019	Białołęka, 
    
    
        Warszawa	Agencja	Dom	4 pokoje	1 łazienka	197	GarażSprzedam bezpośrednio 2 pokojowe mieszkanie, Pruszków osiedle B. Prusa	295 000 zł	24/03/2019	Pruszków, 
    
    
        Pd - zach powiaty	Właściciel	Mieszkanie	2 pokoje	1 łazienka	45	UlicaDom wolnostojący - Stara Iwiczna	870 000 zł	18/04/2019	Piaseczno, 
    
    
        Południowe powiaty	Agencja	Dom	4 pokoje	2 łazienki	190	KrytyMieszkanie - Warszawa > Wola > Mirów > Łucka	2 150 000 zł	20/04/2019	Wola, 
    
    
        Warszawa	Agencja	Mieszkanie	6 lub więcej pokoi	3 łazienki	230Mieszkanie - Warszawa > Ursynów > Imielin > Alternatywy	740 000 zł	20/04/2019	Ursynów, 
    
    
        Warszawa	Agencja	Mieszkanie	3 pokoje	1 łazienka	78Mieszkanie - Warszawa > Praga-Południe > Gocław > Stanisława Mikołajczyka	770 000 zł	20/04/2019	Praga Południe, 
    
    
        Warszawa	Agencja	Mieszkanie	5 pokoi	1 łazienka	99Mieszkanie - Warszawa > Żoliborz > Sady Żoliborskie > Włościańska	1 799 000 zł	20/04/2019	Żoliborz, 
    
    
        Warszawa	Agencja	Mieszkanie	6 lub więcej pokoi	3 łazienki	235Mieszkanie - Warszawa > Wola > Mirów > Chłodna	970 000 zł	20/04/2019	Wola, 
    
    
        Warszawa	Agencja	Mieszkanie	3 pokoje	78Mieszkanie - Warszawa > Śródmieście > Świętojerska	750 000 zł	20/04/2019	Śródmieście, 
    
    
        Warszawa	Agencja	Mieszkanie	3 pokoje	2 łazienki	83Mieszkanie - Warszawa > Wola > Siedmiogrodzka	923 000 zł	20/04/2019	Wola, 
    
    
        Warszawa	Agencja	Mieszkanie	3 pokoje	71Mieszkanie - Warszawa > Praga-Północ > Szmulki > Białostocka	570 000 zł	20/04/2019	Praga Północ, 
    
    
        Warszawa	Agencja	Mieszkanie	3 pokoje	1 łazienka	74Mieszkanie - Warszawa > Wola > Grzybowska	480 000 zł	20/04/2019	Wola, 
    
    
        Warszawa	Agencja	Mieszkanie	3 pokoje	1 łazienka	48Mieszkanie - Warszawa > Ursynów > Pląsy	824 000 zł	20/04/2019	Ursynów, 
    
    
        Warszawa	Agencja	Mieszkanie	3 pokoje	2 łazienki	104Mieszkanie - Warszawa > Mokotów > Stanisława Żaryna	1 430 000 zł	20/04/2019	Mokotów, 
    
    
        Warszawa	Agencja	Mieszkanie	3 pokoje	2 łazienki	79Mieszkanie - Warszawa > Ursus > Magnacka	695 000 zł	20/04/2019	Ursus, 
    
    
        Warszawa	Agencja	Mieszkanie	5 pokoi	2 łazienki	115Mieszkanie - Warszawa > Wawer > Międzylesie > Żegańska	950 000 zł	20/04/2019	Wawer, 
    
    
        Warszawa	Agencja	Mieszkanie	3 pokoje	1 łazienka	105Mieszkanie - Warszawa > Ochota > Opaczewska	1 315 000 zł	20/04/2019	Ochota, 
    
    
        Warszawa	Agencja	Mieszkanie	4 pokoje	2 łazienki	138Mieszkanie - Warszawa > Bielany > Młociny > Heroldów	815 000 zł	20/04/2019	Bielany, 
    
    
        Warszawa	Agencja	Mieszkanie	4 pokoje	2 łazienki	90BEZPOŚREDNIO 2-pokojowe 63 m2 WOLA. Świetna lokalizacja 10 min do Centrum.	575 000 zł	20/04/2019	Wola, 
    
    
        Warszawa	Właściciel	Mieszkanie	2 pokoje	1 łazienka	63	UlicaOkazja dla inwestorów - mieszkanie na wynajem	970 000 zł	20/04/2019	Śródmieście, 
    
    
        Warszawa	Agencja	Mieszkanie	5 pokoi	2 łazienki	89SUPER LOKALIZACJA, KAMERALNE OSIEDLE GRABÓW.!!Działka 228m2. Wyłączność.	1 059 000 zł	20/04/2019	Ursynów, 
    
    
        Warszawa	Agencja	Dom	5 pokoi	3 łazienki	195	UlicaBezpośrednio Kinowa 10 - 46mkw do remontu + 3 gratis	387 000 zł	20/04/2019	Praga Południe, 
    
    
        Warszawa	Właściciel	Mieszkanie	2 pokoje	1 łazienka	46	UlicaSprzedam kawalerkę 150 m od metro ciołka 	290 000 zł	17/04/2019	Wola, 
    
    
        Warszawa	Właściciel	Mieszkanie	Kawalerka lub garsoniera	1 łazienka	24	UlicaBEZPOŚREDNIO NA SPRZEDAŻ atrakcyjne mieszkanie	550 000 zł	09/04/2019	Praga Południe, 
    
    
        Warszawa	Właściciel	Mieszkanie	2 pokoje	1 łazienka	55	KrytyNowe 2 pok. mieszkanie, 42m, Soho Factory, Kamionek, Praga Południe 	549 000 zł	14/04/2019	Praga Południe, 
    
    
        Warszawa	Właściciel	Mieszkanie	2 pokoje	1 łazienka	42	GarażŚwieżo wykończone 4 pokoje BEZ PCC	570 000 zł	20/04/2019	Wawer, 
    
    
        Warszawa	Agencja	Mieszkanie	4 pokoje	1 łazienka	91	UlicaPięknie wykończone bezczynszowe z ogródkiem. Wawer	955 000 zł	20/04/2019	Wawer, 
    
    
        Warszawa	Agencja	Mieszkanie	4 pokoje	1 łazienka	127	GarażPrzestronne 3-Pokojowe Mieszkanie 72 m2 Na Bemowie !! HIT !!	690 000 zł	20/04/2019	Bemowo, 
    
    
        Warszawa	Agencja	Mieszkanie	3 pokoje	2 łazienki	722 poziomowy designerski apartament, Ursynów	1 199 999 zł	20/04/2019	Ursynów, 
    
    
        Warszawa	Agencja	Mieszkanie	5 pokoi	1 łazienka	128Mieszkanie Warszawa Wola 62m2 (nr: 401885)	685 000 zł	20/04/2019	Wola, 
    
    
        Warszawa	Agencja	Mieszkanie	2 pokoje	1 łazienka	62Mieszkanie Warszawa Ochota 35m2 (nr: 401884)	410 000 zł	20/04/2019	Ochota, 
    
    
        Warszawa	Agencja	Mieszkanie	2 pokoje	1 łazienka	35Mieszkanie do remontu w ATRAKCYJNEJ CENIE, Nowe okna, Bemowo !	528 000 zł	20/04/2019	Bemowo, 
    
    
        Warszawa	Agencja	Mieszkanie	3 pokoje	1 łazienka	7270 m2 Mieszkanie z widokiem na Jezioro Gocławskie	895 000 zł	27/03/2019	Praga Południe, 
    
    
        Warszawa	Właściciel	Mieszkanie	3 pokoje	1 łazienka	70	GarażSprzedam piękne i przytulne mieszkanie 	700 000 zł	27/03/2019	Wilanów, 
    
    
        Warszawa	Właściciel	Mieszkanie	2 pokoje	2 łazienki	63	GarażAtrakcyjna posiadłość w okolicy Płońska.	580 000 zł	20/04/2019	Płońsk, 
    
    
        Pn - zach powiaty	Właściciel	Dom	6 lub więcej pokoi	3 łazienki	250Wykończony apartament z tarasem - Kupujesz ? :)	559 000 zł	20/04/2019	Śródmieście, 
    
    
        Warszawa	Agencja	Mieszkanie	2 pokoje	393 pokoje przy metrze - Praga Północ!	550 000 zł	20/04/2019	Praga Północ, 
    
    
        Warszawa	Agencja	Mieszkanie	3 pokoje	1 łazienka	77Nowoczesne 3 pokoje przy metrze - Targówek	365 000 zł	20/04/2019	Targówek, 
    
    
        Warszawa	Agencja	Mieszkanie	3 pokoje	1 łazienka	483 pokoje w kamienicy do remontu - Praga Południe	375 000 zł	20/04/2019	Praga Południe, 
    
    
        Warszawa	Agencja	Mieszkanie	3 pokoje	1 łazienka	48Mieszkanie Warszawa Mokotów 151m2 (nr: 400917)	1 190 000 zł	20/04/2019	Mokotów, 
    
    
        Warszawa	Agencja	Mieszkanie	4 pokoje	1 łazienka	151Kawalerka Przy Rondzie Daszyńskiego !!	490 000 zł	20/04/2019	Wola, 
    
    
        Warszawa	Agencja	Mieszkanie	Kawalerka lub garsoniera	1 łazienka	403 pokojowe prze METRZE WILANOWSKA.	730 000 zł	20/04/2019	Mokotów, 
    
    
        Warszawa	Agencja	Mieszkanie	3 pokoje	66Chłodna / Żelazna 3 pokoje z możliwością wydzielenia 4! Super inwestycja! Ponad 60m!	589 000 zł	20/04/2019	Wola, 
    
    
        Warszawa	Agencja	Mieszkanie	3 pokojeNa sprzedaż mini hotel w Kamiennicy na Sródmieściu Polecam!!!	4 000 000 zł	20/04/2019	Śródmieście, 
    
    
        Warszawa	Agencja	Mieszkanie	6 lub więcej pokoi	4 lub więcej łazienek	22065m, przy BEMOWIE, WYSOKI STANDARD. Zielony teren!	525 000 zł	20/04/2019	Bemowo, 
    
    
        Warszawa	Agencja	Mieszkanie	2 pokoje	65Klimatyczne, jasne mieszkanie, doskonale skomunikowane	455 000 zł	20/04/2019	Praga Południe, 
    
    
        Warszawa	Agencja	Mieszkanie	2 pokoje	1 łazienka	59APARTAMENT NA MOKOTOWIE+PARKING W CENIE	1 860 000 zł	20/04/2019	Mokotów, 
    
    
        Warszawa	Agencja	Mieszkanie	4 pokoje	119OKAZJA - Apartament przy metrze Wileńska!	995 000 zł	20/04/2019	Praga Północ, 
    
    
        Warszawa	Agencja	Mieszkanie	2 pokoje	87Domek na działce letniskowej  of.3155	135 000 zł	20/04/2019	Węgrów, 
    
    
        Pn - wsch powiaty	Agencja	Dom	4 pokoje	802 pokoje o pow. 45,5m2,ul.Barei, Białołęka, piętro 1/5	345 000 zł	20/04/2019	Białołęka, 
    
    
        Warszawa	Agencja	Mieszkanie	2 pokoje	45Bardzo ładny dom o pow. 360m2,Wawer	2 650 000 zł	20/04/2019	Wawer, 
    
    
        Warszawa	Agencja	Dom	3601 pokojowe o pow. 38m2, 2001 rok, taras 22m2, ul. Zgrupowania Żmija Bielany,  piętro 1/4	415 000 zł	20/04/2019	Bielany, 
    
    
        Warszawa	Agencja	Mieszkanie	Kawalerka lub garsoniera	38Do sprzedania 2 pokoje o pow.38m2,ul.Ostrobramska, Praga Płd,  piętró 3/10	335 000 zł	20/04/2019	Praga Południe, 
    
    
        Warszawa	Agencja	Mieszkanie	2 pokoje	38SRZEDAM DOM ARD DECO MICHAŁOWICE 30 LETNI 5MINUT WKD OD ZARAZ	1 120 000 zł	20/04/2019	Pruszków, 
    
    
        Pd - zach powiaty	Agencja	Dom	6 lub więcej pokoi	3 łazienki	300	Garaż 2 pokojowe, rozkładowe mieszkanie  50,30 m2 ul.Erazma z Zakroczymia Białołęka, piętro  1/10	349 000 zł	20/04/2019	Białołęka, 
    
    
        Warszawa	Agencja	Mieszkanie	2 pokoje	503 pokojowe o pow. 45,6m2, klimatyczne mieszkanie po remoncie, ul.Śniardwy  Mokotów, piętro 10/10	478 000 zł	20/04/2019	Mokotów, 
    
    
        Warszawa	Agencja	Mieszkanie	3 pokoje	454 pokoje o pow.93m2, 2008r.,ul.Osmańczyka  Bemowo, piętro 3/5	900 000 zł	20/04/2019	Bemowo, 
    
    
        Warszawa	Agencja	Mieszkanie	4 pokoje	93Segment z 1998 roku , Ursynów	1 180 000 zł	20/04/2019	Ursynów, 
    
    
        Warszawa	Agencja	Dom2 pokoje o pow. 36,6 m2, ul.Żeromskiego  Bielany, piętro 2/3	403 000 zł	20/04/2019	Bielany, 
    
    
        Warszawa	Agencja	Mieszkanie	2 pokoje	362 pokoje o pow. 45,8m2 ul.Senatorska Śródmieście,  pętro 1/3	635 000 zł	20/04/2019	Śródmieście, 
    
    
        Warszawa	Agencja	Mieszkanie	2 pokoje	462 pokoje o pow.45,9 m2 ul.Książkowa Białołęka, piętro 5/5	345 000 zł	20/04/2019	Białołęka, 
    
    
        Warszawa	Agencja	Mieszkanie	2 pokoje	46Mieszkanie 3 pokojowe z klimatyzacją o pow. 71,5m2,ul.Łukowska Praga Płd, piętro 3/6	495 000 zł	20/04/2019	Praga Południe, 
    
    
        Warszawa	Agencja	Mieszkanie	3 pokoje	71Nowe, 3 pokojowe,bezczynszowe mieszkanie o pow. 62 m2, ul. Wiązana, Wawer, piętro 2/2	470 000 zł	20/04/2019	Wawer, 
    
    
        Warszawa	Agencja	Mieszkanie	3 pokoje	622 pokoje o pow. 50,27m2,ul.Chełmska  Mokotów, piętro  0/4	550 000 zł	20/04/2019	Mokotów, 
    
    
        Warszawa	Agencja	Mieszkanie	2 pokoje	503 pokoje o  pow. 54,9m2, po kapitalnym remoncie, ul.Rębkowska, Praga Płd,  piętro 1/3	549 000 zł	20/04/2019	Praga Południe, 
    
    
        Warszawa	Agencja	Mieszkanie	3 pokoje	55na INWESTYCJĘ przy Metrze Rondo Daszyńskiego	899 000 zł	20/04/2019	Wola, 
    
    
        Warszawa	Agencja	Mieszkanie	2 pokoje	1 łazienka	56	GarażDom 125 m2, działka 2200, 5 pokoi, parterowy miejscowość Cerekiew	470 000 zł	20/04/2019	Radom, 
    
    
        Południowe powiaty	Właściciel	Dom	5 pokoi	2 łazienki	120	GarażPrzestronne mieszkanie w doskonałej lokalizacji	569 000 zł	20/04/2019	Mokotów, 
    
    
        Warszawa	Właściciel	Mieszkanie	3 pokoje	2 łazienki	60	UlicaSprzedam dom w Różanie nad rzeką Narew	490 000 zł	20/04/2019	Ostrołęka, 
    
    
        Północne powiaty	Właściciel	Dom	6 lub więcej pokoi	2 łazienki	220Mieszkanie Warszawa Coopera	430 000 zł	20/04/2019	Bemowo, 
    
    
        Warszawa	Właściciel	Mieszkanie	2 pokoje	1 łazienka	42	GarażKomfortowe 3 pokoje na Bielanach	840 000 zł	18/04/2019	Bielany, 
    
    
        Warszawa	Agencja	Mieszkanie	3 pokoje	1 łazienka	70	GarażDOM wolnostojący w stanie surowym	469 000 zł	02/04/2019	Zielonka, 
    
    
        Pn - wsch powiaty	Właściciel	Dom	6 lub więcej pokoi	3 łazienki	250	GarażDo kupienia nowoczesny, gotowy do zamieszkania dom w cichej i spokojnej okolicy Wilanowa.	2 590 000 zł	20/04/2019	Wilanów, 
    
    
        Warszawa	Agencja	Dom	6 lub więcej pokoi	3 łazienki	235	GarażPrzestronne mieszkanie 71m2, Mokotów, przy metrze Wilanowska	998 000 zł	20/04/2019	Mokotów, 
    
    
        Warszawa	Agencja	Mieszkanie	2 pokoje	1 łazienka	71	KrytyNowoczesny dom parterowy	450 000 zł	20/04/2019	Nowy Dwór Mazowiecki, 
    
    
        Pn - zach powiaty	Agencja	Dom	4 pokoje	1 łazienka	97Nowa inwestycja 4 pokoje 75,71m2	601 894 zł	20/04/2019	Bemowo, 
    
    
        Warszawa	Agencja	Mieszkanie	4 pokoje	75	KrytyNowoczesny Dom na Ursynowie	1 499 500 zł	20/04/2019	Ursynów, 
    
    
        Warszawa	Agencja	Mieszkanie	Kawalerka lub garsoniera	182	Garaż4-pok. apartament na mokotowie.Metro.Bez prowizji i PCC	974 773 zł	20/04/2019	Mokotów, 
    
    
        Warszawa	Agencja	Mieszkanie	4 pokoje	2 łazienki	97	KrytySegment w mieście w cenie mieszkania	460 000 zł	20/04/2019	Nowy Dwór Mazowiecki, 
    
    
        Pn - zach powiaty	Agencja	Dom	4 pokoje	1 łazienka	108	GarażDom do wykończenia	399 000 zł	20/04/2019	Nowy Dwór Mazowiecki, 
    
    
        Pn - zach powiaty	Agencja	Dom	4 pokoje	2 łazienki	140MARIANÓW, Puszcza Kampinoska, osiedle zamknięte 0% PROWIZJI	997 000 zł	20/04/2019	Warszawski Zachodni, 
    
    
        Zachodnie powiaty	Agencja	Dom	6 lub więcej pokoi	3 łazienki	208	GarażDuży rodzinny dom w spokojnym miejscu	650 000 zł	20/04/2019	Nowy Dwór Mazowiecki, 
    
    
        Pn - zach powiaty	Agencja	Dom	6 lub więcej pokoi	2 łazienki	183	GarażStary młyn-historyczny odnowiony budynek z duszą, 2 Budynki + plac	3 150 000 zł	20/04/2019	Włochy, 
    
    
        Warszawa	Agencja	Inne	6 lub więcej pokoi	4 lub więcej łazienek	850	UlicaWygodny dom dla rodziny z dziećmi	355 000 zł	20/04/2019	Nowy Dwór Mazowiecki, 
    
    
        Pn - zach powiaty	Agencja	Dom	4 pokoje	2 łazienki	136Metro Płocka - kamienica - skwer - cisza	542 000 zł	20/04/2019	Wola, 
    
    
        Warszawa	Agencja	Mieszkanie	2 pokoje	59Trzypokojowe mieszkanie z balkonem	215 000 zł	20/04/2019	Nowy Dwór Mazowiecki, 
    
    
        Pn - zach powiaty	Agencja	Mieszkanie	3 pokoje	1 łazienka	47metro Racławicka - unikalne - wykończone	497 000 zł	20/04/2019	Mokotów, 
    
    
        Warszawa	Agencja	Mieszkanie	2 pokoje	39Galeria Mokotów - apartamentowiec -unikalna oferta	844 000 zł	20/04/2019	Mokotów, 
    
    
        Warszawa	Agencja	Mieszkanie	3 pokoje	88Kamienica Trachtenberga - wyjątkowa oferta - cisza	990 000 zł	20/04/2019	Śródmieście, 
    
    
        Warszawa	Agencja	Mieszkanie	3 pokoje	83Klimatyczna kamienica - dla wymagających - warto:)	699 000 zł	20/04/2019	Śródmieście, 
    
    
        Warszawa	Agencja	Mieszkanie	3 pokoje	53Sprzedam dom 	32 000 zł	20/04/2019	Żuromin, 
    
    
        Pn - zach powiaty	Właściciel	Dom	5 pokoi	2 łazienki	220	Garaż2 przestronne pokoje na Ochocie przy ul. Szczęśliwickiej	470 000 zł	18/04/2019	Ochota, 
    
    
        Warszawa	Agencja	Mieszkanie	2 pokoje	1 łazienka	52Ciekawe 3-pokojowe na Bródnie	429 000 zł	12/04/2019	Targówek, 
    
    
        Warszawa	Właściciel	Mieszkanie	3 pokoje	1 łazienka	47	UlicaBEZPOŚREDNIO – sprzedam kawalerki z najemcami – WARSZAWA	185 000 zł	02/04/2019	Białołęka, 
    
    
        Warszawa	Właściciel	Mieszkanie	Kawalerka lub garsoniera	1 łazienka	17	Ulica2 pokoje blisko stacji metra Trocka - świetna inwetycja!	430 000 zł	20/04/2019	Targówek, 
    
    
        Warszawa	Agencja	Mieszkanie	2 pokoje	442 pokoje blisko stacji metra Trocka - świetna inwetycja!	430 000 zł	20/04/2019	Targówek, 
    
    
        Warszawa	Agencja	Mieszkanie	2 pokoje	44OKAZJA - 2 pokoje przy metrze, Bielany!	420 000 zł	20/04/2019	Bielany, 
    
    
        Warszawa	Agencja	Mieszkanie	2 pokoje	46Wyjątkowe 2 pokoje nieopodal Stadionu Narodowego - Super inwestycja!	549 000 zł	20/04/2019	Praga Południe, 
    
    
        Warszawa	Agencja	Mieszkanie	2 pokoje	1 łazienka	423 pokoje o pow. 78,11m2,ul.Kamińskiego, Białołęka,  piętro 3/3	489 000 zł	20/04/2019	Białołęka, 
    
    
        Warszawa	Agencja	Mieszkanie	3 pokoje	783 pokojowe, rozkładowe mieszkanie o pow. 48,85m2,ul.Puszczy Solskiej, Beemowo, piętro 5/11	385 000 zł	20/04/2019	Bemowo, 
    
    
        Warszawa	Agencja	Mieszkanie	3 pokoje	49Ładne, ciche 3 pokoje zaraz przy rondzie Wiatraczna, BEZPOŚREDNIO!	635 000 zł	07/04/2019	Praga Południe, 
    
    
        Warszawa	Właściciel	Mieszkanie	3 pokoje	1 łazienka	66	GarażSprzedam ładne mieszkanie ul.Aluzyjna	410 000 zł	18/04/2019	Białołęka, 
    
    
        Warszawa	Właściciel	Mieszkanie	3 pokoje	1 łazienka	60	GarażPo remoncie, umeblowane, do wprowadzenia od już	550 000 zł	21/04/2019	Bemowo, 
    
    
        Warszawa	Agencja	Mieszkanie	3 pokoje	72Dom Warszawa Rembertów 203m2 (nr: AX000053)	1 049 000 zł	21/04/2019	Rembertów, 
    
    
        Warszawa	Agencja	Dom	5 pokoi	2 łazienki	203Dwupoziomowe mieszkanie w Józefowie	519 000 zł	21/04/2019	Józefów, 
    
    
        Pd - wsch powiaty	Agencja	Mieszkanie	4 pokoje	98Dom Warszawa Wawer 175m2 (nr: AX000062)	1 180 000 zł	21/04/2019	Wawer, 
    
    
        Warszawa	Agencja	Dom	4 pokoje	2 łazienki	175Funkcjonalne 3-pokojowe na Bemowie	379 000 zł	21/04/2019	Bemowo, 
    
    
        Warszawa	Agencja	Mieszkanie	3 pokoje	52Piękne mieszkanie 4-pokojowe w Piasecznie	550 000 zł	21/04/2019	Piaseczno, 
    
    
        Południowe powiaty	Agencja	Mieszkanie	4 pokoje	83Dom Okuniew 360m2 (nr: AX000090)	1 200 000 zł	21/04/2019	Halinów, 
    
    
        Wschodnie powiaty	Agencja	Dom	6 lub więcej pokoi	3 łazienki	360Dom Warszawa Wawer 330m2 (nr: AX000095)	1 500 000 zł	21/04/2019	Wawer, 
    
    
        Warszawa	Agencja	Dom	5 pokoi	2 łazienki	330CENA DO NEGOCJACJI	640 000 zł	21/04/2019	Piaseczno, 
    
    
        Południowe powiaty	Agencja	Dom	4 pokoje	2 łazienki	98KAMERALNE OSIEDLE	1 480 000 zł	21/04/2019	Ursynów, 
    
    
        Warszawa	Agencja	Dom	6 lub więcej pokoi	4 lub więcej łazienek	280Dom Warszawa Wawer 240m2 (nr: AX000139)	840 000 zł	21/04/2019	Wawer, 
    
    
        Warszawa	Agencja	Dom	5 pokoi	3 łazienki	240Dom Warszawa Rembertów 187m2 (nr: AX000148)	860 000 zł	21/04/2019	Rembertów, 
    
    
        Warszawa	Agencja	Dom	6 lub więcej pokoi	2 łazienki	187Dom Warszawa Rembertów 246m2 (nr: AX000150)	1 320 000 zł	21/04/2019	Rembertów, 
    
    
        Warszawa	Agencja	Dom	5 pokoi	2 łazienki	2463 pok Żoliborz w świetnej cenie!	410 000 zł	21/04/2019	Żoliborz, 
    
    
        Warszawa	Agencja	Mieszkanie	3 pokoje	48Komfortowy dom w Józefowie	1 950 000 zł	21/04/2019	Józefów, 
    
    
        Pd - wsch powiaty	Agencja	Dom	6 lub więcej pokoi	2 łazienki	746Dom Legionowo 191m2 (nr: 965/4372/ODS)	1 150 000 zł	21/04/2019	Legionowo, 
    
    
        Północne powiaty	Agencja	Dom	4 pokoje	191Dom Serock 231.33m2 (nr: 966/4372/ODS)	530 000 zł	21/04/2019	Serock, 
    
    
        Północne powiaty	Agencja	Dom	5 pokoi	2 łazienki	232Atrakcyjne 3 pokojowe o pow. 54,9, po kapitalnym remoncie, wyposażone, ul.Rębkowska	549 000 zł	21/04/2019	Praga Południe, 
    
    
        Warszawa	Agencja	Mieszkanie	3 pokoje	1 łazienka	552 pokojowe, rozkładowe mieszkanie o pow. 50,3m2,ul.Erazma z Zakroczymia	349 000 zł	21/04/2019	Białołęka, 
    
    
        Warszawa	Agencja	Mieszkanie	2 pokoje	1 łazienka	50Sprzedam dom w Sierpcu przy ul. Farnej	265 000 zł	21/04/2019	Sierpc, 
    
    
        Pn - zach powiaty	Właściciel	Dom	6 lub więcej pokoi	2 łazienki	107	GarażAtrakcyjne 4 pokojowe z kominkiem o pow. 84m2,ul.Jaspisowa , Piaseczno	487 000 zł	21/04/2019	Piaseczno, 
    
    
        Południowe powiaty	Agencja	Mieszkanie	4 pokoje	84Piękne, jasne mieszkanie, 2 pokoje, 31 m2, ul. Czarnomorska (Mokotów) 	332 000 zł	21/04/2019	Mokotów, 
    
    
        Warszawa	Właściciel	Mieszkanie	2 pokoje	1 łazienka	31	UlicaKomfortowe 3 -pokojowe,Praga Południe, 68m2, SPRZEDAM lub ZAMIENIĘ	466 732 zł	21/04/2019	Praga Południe, 
    
    
        Warszawa	Właściciel	Mieszkanie	3 pokoje	1 łazienka	68Mieszkanie 2 pokoje ul. Wiatraczna	449 000 zł	21/04/2019	Praga Południe, 
    
    
        Warszawa	Agencja	Mieszkanie	2 pokoje	1 łazienka	47	UlicaSprzedam dom w Myszyncu 	350 000 zł	21/04/2019	Ostrołęka, 
    
    
        Północne powiaty	Właściciel	Dom	5 pokoi	2 łazienki	170	BrakDo sprzedania wyjątkowy apartament w Ursusie z dużym tarasem	1 333 000 zł	21/04/2019	Ursus, 
    
    
        Warszawa	Agencja	Mieszkanie	4 pokoje	2 łazienki	135	GarażDo sprzedania czteropokojowe mieszkanie w Ursusie	350 000 zł	21/04/2019	Ursus, 
    
    
        Warszawa	Agencja	Mieszkanie	4 pokoje	2 łazienki	60Do sprzedania sześciopokojowe mieszkanie w Ursusie	748 000 zł	21/04/2019	Ursus, 
    
    
        Warszawa	Agencja	Mieszkanie	6 lub więcej pokoi	2 łazienki	163	GarażDo sprzedania klimatyzowane trzypokojowe mieszkanie w Ursusie	420 000 zł	21/04/2019	Ursus, 
    
    
        Warszawa	Agencja	Mieszkanie	3 pokoje	1 łazienka	53	GarażDo sprzedania przestronne dwupokojowe mieszkanie na Woli	640 000 zł	21/04/2019	Wola, 
    
    
        Warszawa	Agencja	Mieszkanie	2 pokoje	1 łazienka	46	GarażDo sprzedania dwupokojowe mieszkanie w Ursusie	370 000 zł	21/04/2019	Ursus, 
    
    
        Warszawa	Agencja	Mieszkanie	2 pokoje	1 łazienka	49Do sprzedania trzypokojowe mieszkanie we Włochach	600 000 zł	21/04/2019	Włochy, 
    
    
        Warszawa	Agencja	Mieszkanie	3 pokoje	1 łazienka	67	GarażDo sprzedania trzypokojowe mieszkanie na Ochocie	800 000 zł	21/04/2019	Ochota, 
    
    
        Warszawa	Agencja	Mieszkanie	3 pokoje	2 łazienki	85	GarażDo sprzedania trzypokojowe mieszkanie w Ursusie z zielonym tarasem	590 000 zł	21/04/2019	Ursus, 
    
    
        Warszawa	Agencja	Mieszkanie	3 pokoje	1 łazienka	70	GarażTylko do 15.05.2019 mega rabat ostatnie mieszkanie	470 000 zł	16/04/2019	Otwock, 
    
    
        Pd - wsch powiaty	Właściciel	Mieszkanie	4 pokoje	2 łazienki	84Mieszkanie Warszawa Wilanów, ul. Prymasa Augusta Hlonda	745 000 zł	04/04/2019	Wilanów, 
    
    
        Warszawa	Właściciel	Mieszkanie	3 pokoje	1 łazienka	71	GarażMieszkanie Warszawa Praga Północ: 48,63m2	539 000 zł	17/04/2019	Praga Północ, 
    
    
        Warszawa	Właściciel	Mieszkanie	2 pokoje	1 łazienka	49	GarażŚwietne, do własnej aranżacji na Żoliborzu!	442 000 zł	21/04/2019	Żoliborz, 
    
    
        Warszawa	Agencja	Mieszkanie	3 pokoje	47Mieszkanie Warszawa Rembertów 41m2 (nr: AX006790)	330 000 zł	21/04/2019	Rembertów, 
    
    
        Warszawa	Agencja	Mieszkanie	3 pokoje	41Mieszkanie Warszawa Wawer 47m2 (nr: AX006793)	399 000 zł	21/04/2019	Wawer, 
    
    
        Warszawa	Agencja	Mieszkanie	3 pokoje	47Mieszkanie dwupoziomowe z loggią	389 000 zł	21/04/2019	Józefów, 
    
    
        Pd - wsch powiaty	Agencja	Mieszkanie	2 pokoje	58Apartament 3 pokojowy w Miasteczku Wilanów	745 000 zł	21/04/2019	Wilanów, 
    
    
        Warszawa	Agencja	Mieszkanie	3 pokoje	66Mieszkanie Warszawa Wawer 152m2 (nr: AX006820)	890 000 zł	21/04/2019	Wawer, 
    
    
        Warszawa	Agencja	Mieszkanie	4 pokoje	152Mieszkanie Warszawa Wawer 72m2 (nr: AX006835)	498 000 zł	21/04/2019	Wawer, 
    
    
        Warszawa	Agencja	Mieszkanie	2 pokoje	72Mieszkanie Otwock 105m2 (nr: AX006851)	510 000 zł	21/04/2019	Otwock, 
    
    
        Pd - wsch powiaty	Agencja	Mieszkanie	5 pokoi	105Kameralne miejsce	3 500 000 zł	21/04/2019	Żoliborz, 
    
    
        Warszawa	Agencja	Dom	6 lub więcej pokoi	4 lub więcej łazienek	340Forty Bema 116m2 4 pokoje, 2 m-ca garażowe	1 490 000 zł	21/04/2019	Bemowo, 
    
    
        Warszawa	Agencja	Mieszkanie	4 pokoje	117Dom Józefów 390m2 (nr: AX006861)	970 000 zł	21/04/2019	Józefów, 
    
    
        Pd - wsch powiaty	Agencja	Dom	6 lub więcej pokoi	3 łazienki	390Klimatyczne mieszkanie na Starej Ochocie	398 000 zł	21/04/2019	Ochota, 
    
    
        Warszawa	Agencja	Mieszkanie	Kawalerka lub garsoniera	41Dom Warszawa Wawer 200m2 (nr: AX006880)	1 100 000 zł	21/04/2019	Wawer, 
    
    
        Warszawa	Agencja	Dom	5 pokoi	2 łazienki	200Dom Warszawa Wesoła 350m2 (nr: AX006882)	1 550 000 zł	21/04/2019	Wesoła, 
    
    
        Warszawa	Agencja	Dom	6 lub więcej pokoi	2 łazienki	350Dom Otwock 180m2 (nr: AX006890)	1 200 000 zł	21/04/2019	Otwock, 
    
    
        Pd - wsch powiaty	Agencja	Dom	5 pokoi	2 łazienki	180MIESZKANIE WRAZ Z DZIAŁKĄ W JÓZEFOWIE	380 653 zł	21/04/2019	Bemowo, 
    
    
        Warszawa	Agencja	Mieszkanie	3 pokoje	623 pok, cegła, Bielany	499 000 zł	21/04/2019	Bielany, 
    
    
        Warszawa	Agencja	Mieszkanie	3 pokoje	56Dom Warszawa Wawer 280m2 (nr: AX006898)	1 460 000 zł	21/04/2019	Wawer, 
    
    
        Warszawa	Agencja	Dom	5 pokoi	2 łazienki	280Dom Warszawa Wawer 175m2 (nr: AX006902)	898 000 zł	21/04/2019	Wawer, 
    
    
        Warszawa	Agencja	Dom	5 pokoi	2 łazienki	175Sloneczne mieszkanie na Bielanach, bezpośrednio	415 000 zł	14/04/2019	Bielany, 
    
    
        Warszawa	Właściciel	Mieszkanie	2 pokoje	1 łazienka	46	UlicaOkazyjnie sprzedam dom w Markach w zabudowie szeregowej.	412 000 zł	07/04/2019	Marki, 
    
    
        Pn - wsch powiaty	Właściciel	Dom	3 pokoje	2 łazienki	82	GarażŁadne, ciche 3 pokoje zaraz przy rondzie Wiatraczna, BEZPOŚREDNIO!	635 000 zł	07/04/2019	Praga Południe, 
    
    
        Warszawa	Właściciel	Mieszkanie	3 pokoje	1 łazienka	66	GarażDom Warszawa Rembertów 245m2 (nr: AX006922)	980 000 zł	21/04/2019	Rembertów, 
    
    
        Warszawa	Agencja	Dom	6 lub więcej pokoi	245Dom Warszawa Wawer 182m2 (nr: AX006924)	899 000 zł	21/04/2019	Wawer, 
    
    
        Warszawa	Agencja	Dom	5 pokoi	2 łazienki	182Dom Warszawa Wawer 225m2 (nr: AX006937)	1 110 000 zł	21/04/2019	Wawer, 
    
    
        Warszawa	Agencja	Dom	6 lub więcej pokoi	2 łazienki	225Nowoczesne, gotowe do wprowadzenia	725 000 zł	21/04/2019	Bemowo, 
    
    
        Warszawa	Agencja	Mieszkanie	3 pokoje	73Dom Milanówek 300m2 (nr: AX006947)	1 540 000 zł	21/04/2019	Milanówek, 
    
    
        Pd - zach powiaty	Agencja	Dom	6 lub więcej pokoi	3 łazienki	3003 pokoje na Osiedlu Potok	540 000 zł	21/04/2019	Żoliborz, 
    
    
        Warszawa	Agencja	Mieszkanie	3 pokoje	68Tanio!!! 3 pokoje 2008r, gustowne, wysoki standard	580 000 zł	21/04/2019	Bemowo, 
    
    
        Warszawa	Agencja	Mieszkanie	3 pokoje	66Nowoczesne, do wprowadzenia od zaraz!	710 000 zł	21/04/2019	Bemowo, 
    
    
        Warszawa	Agencja	Mieszkanie	3 pokoje	74Przestronne 4 pokoje, Bemowo	840 000 zł	21/04/2019	Bemowo, 
    
    
        Warszawa	Agencja	Mieszkanie	4 pokoje	943 pokoje Bielany do remontu, 10 min metro Młociny	450 000 zł	21/04/2019	Bielany, 
    
    
        Warszawa	Agencja	Mieszkanie	3 pokoje	57Dom Warszawa Wawer 300m2 (nr: AX006990)	1 780 000 zł	21/04/2019	Wawer, 
    
    
        Warszawa	Agencja	Dom	6 lub więcej pokoi	4 lub więcej łazienek	300Dom Warszawa Wesoła 245m2 (nr: AX006992)	920 000 zł	21/04/2019	Wesoła, 
    
    
        Warszawa	Agencja	Dom	5 pokoi	1 łazienka	2452 pokoje na Bemowie z miejscem garażowym	470 000 zł	21/04/2019	Bemowo, 
    
    
        Warszawa	Agencja	Mieszkanie	2 pokoje	444 pok. 2 poziomy plus poddasze, Bemowo, metro	670 000 zł	21/04/2019	Bemowo, 
    
    
        Warszawa	Agencja	Mieszkanie	4 pokoje	1123 pok. Wola, bardzo eleganckie	625 000 zł	21/04/2019	Wola, 
    
    
        Warszawa	Agencja	Mieszkanie	3 pokoje	583 pokoje, Ursus do wprowadzenia się	720 000 zł	21/04/2019	Ursus, 
    
    
        Warszawa	Agencja	Mieszkanie	3 pokoje	833 pok. Apartament, 80 m2 na Woli	999 000 zł	21/04/2019	Wola, 
    
    
        Warszawa	Agencja	Mieszkanie	3 pokoje	804 pokoje w przedwojennej kamienicy na Mokotowie	1 550 000 zł	21/04/2019	Mokotów, 
    
    
        Warszawa	Agencja	Mieszkanie	4 pokoje	99Dom 200 m2 w Wesołej przy lesie	840 000 zł	21/04/2019	Wesoła, 
    
    
        Warszawa	Agencja	Dom	6 lub więcej pokoi	3 łazienki	20070 m2, 3 pokoje, garderoba, taras, garaż	590 000 zł	17/04/2019	Ursus, 
    
    
        Warszawa	Właściciel	Mieszkanie	3 pokoje	1 łazienka	70	GarażŚCISŁE CENTRUM - ŚWIETNA INWESTYCJA - IDEALNE POD WYNAJEM KRÓTKOTERMINOWY 	390 000 zł	18/04/2019	Śródmieście, 
    
    
        Warszawa	Agencja	Mieszkanie	Kawalerka lub garsoniera	1 łazienka	27Dom Warszawa Wesoła 140m2 (nr: AX000154)	840 000 zł	21/04/2019	Wesoła, 
    
    
        Warszawa	Agencja	Dom	5 pokoi	2 łazienki	140Dom Warszawa Wawer 260m2 (nr: AX000162)	1 150 000 zł	21/04/2019	Wawer, 
    
    
        Warszawa	Agencja	Dom	5 pokoi	3 łazienki	260Dom Warszawa Wawer 180m2 (nr: AX000164)	905 000 zł	21/04/2019	Wawer, 
    
    
        Warszawa	Agencja	Dom	5 pokoi	1 łazienka	180Dom Józefów 360m2 (nr: AX000168)	1 890 000 zł	21/04/2019	Józefów, 
    
    
        Pd - wsch powiaty	Agencja	Dom	6 lub więcej pokoi	1 łazienka	360Dom Halinów 180m2 (nr: AX000193)	770 000 zł	21/04/2019	Halinów, 
    
    
        Wschodnie powiaty	Agencja	Dom	6 lub więcej pokoi	2 łazienki	180Mieszkanie Warszawa Rembertów 70m2 (nr: AX000197)	490 000 zł	21/04/2019	Rembertów, 
    
    
        Warszawa	Agencja	Mieszkanie	3 pokoje	70Mieszkanie Warszawa Rembertów 100m2 (nr: AX000202)	657 000 zł	21/04/2019	Rembertów, 
    
    
        Warszawa	Agencja	Mieszkanie	3 pokoje	100Apartament w Cosmopolitan - biały kruk	2 000 000 zł	29/03/2019	Śródmieście, 
    
    
        Warszawa	Właściciel	Mieszkanie	2 pokoje	1 łazienka	54	GarażDwupokojowe mieszkanie w doskonałej lokalizacji (Rondo ONZ - METRO!). Idealne dla pary lub pod najem	320 000 zł	26/03/2019	Śródmieście, 
    
    
        Warszawa	Właściciel	Mieszkanie	2 pokoje	28Nowoczesne, z garażem i umeblowaniem w cenie!	690 000 zł	21/04/2019	Bemowo, 
    
    
        Warszawa	Agencja	Mieszkanie	3 pokoje	7152m2 kamienica, Śródmieście, przy pl. Na Rozdrożu	710 000 zł	21/04/2019	Śródmieście, 
    
    
        Warszawa	Agencja	Mieszkanie	2 pokoje	53Apartament 3 pokojowy z tarasem 19 m2 Wilanów	820 000 zł	21/04/2019	Wilanów, 
    
    
        Warszawa	Agencja	Mieszkanie	3 pokoje	85Bez czynszowe, wysokie, ogród, park, stawy, piwnic	450 000 zł	21/04/2019	Włochy, 
    
    
        Warszawa	Agencja	Mieszkanie	2 pokoje	60Apartament 118 m2, Mokotów, ul. St. Żaryna	1 630 000 zł	21/04/2019	Mokotów, 
    
    
        Warszawa	Agencja	Mieszkanie	4 pokoje	118Duże dwa pokoje w dobrym stanie na Bielanach	625 000 zł	21/04/2019	Bielany, 
    
    
        Warszawa	Agencja	Mieszkanie	2 pokoje	62Ładne, przestronne, do zamieszkania	549 999 zł	21/04/2019	Bemowo, 
    
    
        Warszawa	Agencja	Mieszkanie	3 pokoje	72Duży taras, garderoba, nowe budownictwo,	491 000 zł	21/04/2019	Ursus, 
    
    
        Warszawa	Agencja	Mieszkanie	2 pokoje	634 pokoje na Bielanach z 2006 r	820 000 zł	21/04/2019	Bielany, 
    
    
        Warszawa	Agencja	Mieszkanie	4 pokoje	93Luksusowy apartament w prestiżowej lokalizacji	2 950 000 zł	21/04/2019	Śródmieście, 
    
    
        Warszawa	Agencja	Mieszkanie	3 pokoje	1082 pokoje na Żoliborzu z pełnym wyposażeniem	770 000 zł	21/04/2019	Żoliborz, 
    
    
        Warszawa	Agencja	Mieszkanie	2 pokoje	66Dom Warszawa Wawer 192m2 (nr: AX006395)	1 800 000 zł	21/04/2019	Wawer, 
    
    
        Warszawa	Agencja	Dom	6 lub więcej pokoi	3 łazienki	192Piękny Apartament dla rodziny lub inwestycyjny	1 300 000 zł	21/04/2019	Włochy, 
    
    
        Warszawa	Agencja	Mieszkanie	3 pokoje	106Segment bez białego montażu i podłóg Nowa Wieś / Komorów	595 000 zł	20/04/2019	Pruszków, 
    
    
        Pd - zach powiaty	Agencja	Dom	5 pokoi	3 łazienki	190	Garaż2 pokoje o pow. 45,8m2 ul.Senatorska Śródmieście,  pętro 1/3	635 000 zł	20/04/2019	Śródmieście, 
    
    
        Warszawa	Agencja	Mieszkanie	2 pokoje	46Dom Legionowo 191m2 (nr: 965/4372/ODS)	1 150 000 zł	21/04/2019	Legionowo, 
    
    
        Północne powiaty	Agencja	Dom	4 pokoje	191Dom Serock 231.33m2 (nr: 966/4372/ODS)	530 000 zł	21/04/2019	Serock, 
    
    
        Północne powiaty	Agencja	Dom	5 pokoi	2 łazienki	232Atrakcyjne 3 pokojowe o pow. 54,9, po kapitalnym remoncie, wyposażone, ul.Rębkowska	549 000 zł	21/04/2019	Praga Południe, 
    
    
        Warszawa	Agencja	Mieszkanie	3 pokoje	1 łazienka	552 pokojowe, rozkładowe mieszkanie o pow. 50,3m2,ul.Erazma z Zakroczymia	349 000 zł	21/04/2019	Białołęka, 
    
    
        Warszawa	Agencja	Mieszkanie	2 pokoje	1 łazienka	50Sprzedam dom w Sierpcu przy ul. Farnej	265 000 zł	21/04/2019	Sierpc, 
    
    
        Pn - zach powiaty	Właściciel	Dom	6 lub więcej pokoi	2 łazienki	107	GarażAtrakcyjne 4 pokojowe z kominkiem o pow. 84m2,ul.Jaspisowa , Piaseczno	487 000 zł	21/04/2019	Piaseczno, 
    
    
        Południowe powiaty	Agencja	Mieszkanie	4 pokoje	84Piękne, jasne mieszkanie, 2 pokoje, 31 m2, ul. Czarnomorska (Mokotów) 	332 000 zł	21/04/2019	Mokotów, 
    
    
        Warszawa	Właściciel	Mieszkanie	2 pokoje	1 łazienka	31	UlicaKomfortowe 3 -pokojowe,Praga Południe, 68m2, SPRZEDAM lub ZAMIENIĘ	466 732 zł	21/04/2019	Praga Południe, 
    
    
        Warszawa	Właściciel	Mieszkanie	3 pokoje	1 łazienka	68Mieszkanie 2 pokoje ul. Wiatraczna	449 000 zł	21/04/2019	Praga Południe, 
    
    
        Warszawa	Agencja	Mieszkanie	2 pokoje	1 łazienka	47	UlicaSprzedam dom w Myszyncu 	350 000 zł	21/04/2019	Ostrołęka, 
    
    
        Północne powiaty	Właściciel	Dom	5 pokoi	2 łazienki	170	BrakDo sprzedania wyjątkowy apartament w Ursusie z dużym tarasem	1 333 000 zł	21/04/2019	Ursus, 
    
    
        Warszawa	Agencja	Mieszkanie	4 pokoje	2 łazienki	135	GarażDo sprzedania czteropokojowe mieszkanie w Ursusie	350 000 zł	21/04/2019	Ursus, 
    
    
        Warszawa	Agencja	Mieszkanie	4 pokoje	2 łazienki	60Do sprzedania sześciopokojowe mieszkanie w Ursusie	748 000 zł	21/04/2019	Ursus, 
    
    
        Warszawa	Agencja	Mieszkanie	6 lub więcej pokoi	2 łazienki	163	GarażDo sprzedania klimatyzowane trzypokojowe mieszkanie w Ursusie	420 000 zł	21/04/2019	Ursus, 
    
    
        Warszawa	Agencja	Mieszkanie	3 pokoje	1 łazienka	53	GarażDo sprzedania przestronne dwupokojowe mieszkanie na Woli	640 000 zł	21/04/2019	Wola, 
    
    
        Warszawa	Agencja	Mieszkanie	2 pokoje	1 łazienka	46	GarażDo sprzedania dwupokojowe mieszkanie w Ursusie	370 000 zł	21/04/2019	Ursus, 
    
    
        Warszawa	Agencja	Mieszkanie	2 pokoje	1 łazienka	49Do sprzedania trzypokojowe mieszkanie we Włochach	600 000 zł	21/04/2019	Włochy, 
    
    
        Warszawa	Agencja	Mieszkanie	3 pokoje	1 łazienka	67	GarażDo sprzedania trzypokojowe mieszkanie na Ochocie	800 000 zł	21/04/2019	Ochota, 
    
    
        Warszawa	Agencja	Mieszkanie	3 pokoje	2 łazienki	85	GarażDo sprzedania trzypokojowe mieszkanie w Ursusie z zielonym tarasem	590 000 zł	21/04/2019	Ursus, 
    
    
        Warszawa	Agencja	Mieszkanie	3 pokoje	1 łazienka	70	Garażmetro WAWRZYSZEW, lux, 3 pokoje, do wprowadzenia	519 000 zł	19/04/2019	Bielany, 
    
    
        Warszawa	Właściciel	Mieszkanie	3 pokoje	1 łazienka	51Śródmieście, Jana Pawła II, wykończone, dwupokojowe	535 600 zł	30/03/2019	Śródmieście, 
    
    
        Warszawa	Właściciel	Mieszkanie	2 pokoje	1 łazienka	41	Ulica2 pokoje o pow.45,9 m2 ul.Książkowa Białołęka, piętro 5/5	345 000 zł	20/04/2019	Białołęka, 
    
    
        Warszawa	Agencja	Mieszkanie	2 pokoje	46Mieszkanie 3 pokojowe z klimatyzacją o pow. 71,5m2,ul.Łukowska Praga Płd, piętro 3/6	495 000 zł	20/04/2019	Praga Południe, 
    
    
        Warszawa	Agencja	Mieszkanie	3 pokoje	71Nowe, 3 pokojowe,bezczynszowe mieszkanie o pow. 62 m2, ul. Wiązana, Wawer, piętro 2/2	470 000 zł	20/04/2019	Wawer, 
    
    
        Warszawa	Agencja	Mieszkanie	3 pokoje	622 pokoje o pow. 50,27m2,ul.Chełmska  Mokotów, piętro  0/4	550 000 zł	20/04/2019	Mokotów, 
    
    
        Warszawa	Agencja	Mieszkanie	2 pokoje	503 pokoje o  pow. 54,9m2, po kapitalnym remoncie, ul.Rębkowska, Praga Płd,  piętro 1/3	549 000 zł	20/04/2019	Praga Południe, 
    
    
        Warszawa	Agencja	Mieszkanie	3 pokoje	55na INWESTYCJĘ przy Metrze Rondo Daszyńskiego	899 000 zł	20/04/2019	Wola, 
    
    
        Warszawa	Agencja	Mieszkanie	2 pokoje	1 łazienka	56	GarażDom 125 m2, działka 2200, 5 pokoi, parterowy miejscowość Cerekiew	470 000 zł	20/04/2019	Radom, 
    
    
        Południowe powiaty	Właściciel	Dom	5 pokoi	2 łazienki	120	GarażPrzestronne mieszkanie w doskonałej lokalizacji	569 000 zł	20/04/2019	Mokotów, 
    
    
        Warszawa	Właściciel	Mieszkanie	3 pokoje	2 łazienki	60	UlicaSprzedam dom w Różanie nad rzeką Narew	490 000 zł	20/04/2019	Ostrołęka, 
    
    
        Północne powiaty	Właściciel	Dom	6 lub więcej pokoi	2 łazienki	220Bez prowizji - Bez PPC - Budynek oddany do użytku	890 744 zł	20/04/2019	Mokotów, 
    
    
        Warszawa	Agencja	Mieszkanie	4 pokoje	2 łazienki	97	GarażBez Prowizji - Świetna Cena - Bliska Białołęka	274 640 zł	20/04/2019	Białołęka, 
    
    
        Warszawa	Agencja	Mieszkanie	2 pokoje	1 łazienka	39	GarażDom z działką 1400m lub 2000m budowlana Rawa Mazowiecka	149 000 zł	20/04/2019	Mszczonów, 
    
    
        Pd - zach powiaty	Agencja	Dom	2 pokoje	1 łazienka	60	GarażEleganckie 2-pokojowe mieszkanie, Mokotów-Służew, Śniardwy	350 000 zł	20/04/2019	Mokotów, 
    
    
        Warszawa	Właściciel	Mieszkanie	2 pokoje	1 łazienka	38	UlicaBez Prowizji - Świetna Cena - Bliska Białołęka	393 472 zł	20/04/2019	Białołęka, 
    
    
        Warszawa	Agencja	Mieszkanie	3 pokoje	1 łazienka	53	GarażDom wolnostojący - Do wprowadzenia - Włochy Okęcie	780 000 zł	20/04/2019	Włochy, 
    
    
        Warszawa	Agencja	Dom	4 pokoje	2 łazienki	120	GarażDom w Kaniach Helenowskich.	660 000 zł	20/04/2019	Pruszków, 
    
    
        Pd - zach powiaty	Agencja	Dom	5 pokoi	2 łazienki	150	GarażWyjątkowo piękna nieruchomość w Pęcicach. 	1 490 000 zł	20/04/2019	Pruszków, 
    
    
        Pd - zach powiaty	Agencja	Dom	6 lub więcej pokoi	4 lub więcej łazienek	280	GarażSegmenty Nowa Wieś.	595 000 zł	20/04/2019	Pruszków, 
    
    
        Pd - zach powiaty	Agencja	Dom	5 pokoi	2 łazienki	190	GarażDOM W PYRACH BLISKO LASU	2 490 000 zł	20/04/2019	Ursynów, 
    
    
        Warszawa	Agencja	Dom	6 lub więcej pokoi	3 łazienki	280	GarażSprzedam bezpośrednio bardzo efektowane 90 – metrowe mieszkanie przy ulicy Mlądzkiej 	695 000 zł	11/04/2019	Praga Południe, 
    
    
        Warszawa	Właściciel	Mieszkanie	3 pokoje	2 łazienki	90	GarażBezpośrednio! Sprzedam mieszkanie w atrakcyjnej cenie w super lokalizacji	460 000 zł	15/04/2019	Mokotów, 
    
    
        Warszawa	Właściciel	Mieszkanie	2 pokoje	1 łazienka	50	UlicaPiękna willa w Warszawie !!!	3 500 000 zł	18/04/2019	Bemowo, 
    
    
        Warszawa	Właściciel	Dom	6 lub więcej pokoi	4 lub więcej łazienek	350	GarażWyjątkowe mieszkanie w kamienicy zatopionej w zieleni. Stary Mokotów. ul. Kielecka 41a	1 260 000 zł	20/04/2019	Mokotów, 
    
    
        Warszawa	Właściciel	Mieszkanie	3 pokoje	1 łazienka	82	UlicaAPARTAMENT, KAMIENICA W PARKU przy SEJMIE RP	980 000 zł	20/04/2019	Śródmieście, 
    
    
        Warszawa	Agencja	Mieszkanie	4 pokoje	2 łazienki	71	UlicaMieszkanie Warszawa Białołęka 48.5m2 (nr: 1674/3792/OMS)	358 000 zł	21/04/2019	Białołęka, 
    
    
        Warszawa	Agencja	Mieszkanie	2 pokoje	49Bielany, Duracza (Romaszewskiego) - blisko metra Słodowiec, kameralny i ogrodzony budynek.	580 000 zł	21/04/2019	Bielany, 
    
    
        Warszawa	Agencja	Mieszkanie	3 pokoje	2 łazienki	68Pełne słońca mieszkanie z imponującym widokiem.	590 000 zł	21/04/2019	Bemowo, 
    
    
        Warszawa	Agencja	Mieszkanie	3 pokoje	2 łazienki	74Pełne słońca mieszkanie z imponującym widokiem.	590 000 zł	21/04/2019	Bielany, 
    
    
        Warszawa	Agencja	Mieszkanie	3 pokoje	2 łazienki	74Przestronne mieszkanie na kameralnym, rodzinnym osiedlu.	545 000 zł	21/04/2019	Białołęka, 
    
    
        Warszawa	Agencja	Mieszkanie	3 pokoje	2 łazienki	72	GarażMalowniczy dom w bajkowej zieleni.	2 950 000 zł	21/04/2019	Bielany, 
    
    
        Warszawa	Agencja	Dom	6 lub więcej pokoi	3 łazienki	460	GarażStary Żoliborz, jedyne w swoim rodzaju mieszkanie w zadbanej kamienicy.	1 449 000 zł	21/04/2019	Żoliborz, 
    
    
        Warszawa	Agencja	Mieszkanie	5 pokoi	2 łazienki	163Apartament 3 pok, 101m2, Marina-Mokotów	1 180 000 zł	21/04/2019	Mokotów, 
    
    
        Warszawa	Agencja	Mieszkanie	3 pokoje	101Mieszkanie 2 pok, 47, 5m2, Ochota, ul. Baleya	525 000 zł	21/04/2019	Ochota, 
    
    
        Warszawa	Agencja	Mieszkanie	3 pokoje	48Bliźniak z ładną działką , oranżerią i garażem.	649 000 zł	21/04/2019	Rembertów, 
    
    
        Warszawa	Agencja	Dom	3 pokoje	1 łazienka	120Atrakcyjne2 pokoje 55 m2 na Bemowie	509 000 zł	21/04/2019	Bemowo, 
    
    
        Warszawa	Agencja	Mieszkanie	2 pokoje	553 pokojowe blisko Pól Mokotowskich	550 000 zł	21/04/2019	Mokotów, 
    
    
        Warszawa	Agencja	Mieszkanie	3 pokoje	51Bardzo rodzinny dom.Piękna okolica stawów, polecam	1 650 000 zł	21/04/2019	Włochy, 
    
    
        Warszawa	Agencja	Dom	6 lub więcej pokoi	2 łazienki	508Luksusowe mieszkanie blisko Łazienek Królewskich	670 000 zł	21/04/2019	Śródmieście, 
    
    
        Warszawa	Agencja	Mieszkanie	3 pokoje	55Apartament 3 pokojowy z tarasem 16 m2 Wilanów	819 000 zł	21/04/2019	Wilanów, 
    
    
        Warszawa	Agencja	Mieszkanie	3 pokoje	85Okazja, atrakcyjna oferta.	860 000 zł	21/04/2019	Ursus, 
    
    
        Warszawa	Agencja	Dom	4 pokoje	2 łazienki	181Apartament 2 pokojowy Mokotów	730 000 zł	21/04/2019	Mokotów, 
    
    
        Warszawa	Agencja	Mieszkanie	2 pokoje	57Sprzedam mieszkanie Warszawa Stegny	440 000 zł	03/04/2019	Mokotów, 
    
    
        Warszawa	Właściciel	Mieszkanie	2 pokoje	1 łazienka	48	UlicaAtrakcyjna Kawalerka róg 17 Stycznia (KOR) i Żwirki i Wigury w Warszawie, bezpośrednio od wł, na 1p.	285 000 zł	24/03/2019	Ochota, 
    
    
        Warszawa	Właściciel	Mieszkanie	Kawalerka lub garsoniera	1 łazienka	18	KrytySprzedam Dom / Segment 	695 000 zł	26/03/2019	Białołęka, 
    
    
        Warszawa	Właściciel	Dom	5 pokoi	2 łazienki	169	GarażMieszkanie z ogródkiem .	475 000 zł	21/04/2019	Ursus, 
    
    
        Warszawa	Agencja	Mieszkanie	3 pokoje	66Lux Klimatyzacja Balkon Komórka Lokatorska Garaż	500 000 zł	21/04/2019	Ursus, 
    
    
        Warszawa	Agencja	Mieszkanie	2 pokoje	553 pokoje dla młodej rodziny nowe osiedle 0%	315 000 zł	21/04/2019	Białołęka, 
    
    
        Warszawa	Agencja	Mieszkanie	3 pokoje	52Mini-apart Idealny na Inwestycje BOOKING & AIRBNB	225 000 zł	21/04/2019	Śródmieście, 
    
    
        Warszawa	Agencja	Mieszkanie	Kawalerka lub garsoniera	20Ładny dom 180 m2 z działką 500 m2	898 000 zł	21/04/2019	Targówek, 
    
    
        Warszawa	Agencja	Dom	5 pokoi	2 łazienki	180Mieszkanie Warszawa Śródmieście 94.1m2 (nr: AX006416)	1 280 000 zł	21/04/2019	Śródmieście, 
    
    
        Warszawa	Agencja	Mieszkanie	3 pokoje	955 pokoi przy Placu Unii Lubelskiej	999 000 zł	21/04/2019	Śródmieście, 
    
    
        Warszawa	Agencja	Mieszkanie	5 pokoi	8470 m2, 3 pokoje, garderoba, taras, garaż	590 000 zł	17/04/2019	Ursus, 
    
    
        Warszawa	Właściciel	Mieszkanie	3 pokoje	1 łazienka	70	GarażSprzedam Nowe Mieszkanie ul Mehoffera 53 m2 + 2 balkony 25m2 piętro 2/4 Białołęka - Bezpośrednio	429 000 zł	15/04/2019	Białołęka, 
    
    
        Warszawa	Właściciel	Mieszkanie	3 pokoje	53Dwupokojowe mieszkanie W-wa Ursynów, ul. Pileckiego 114	459 000 zł	05/04/2019	Ursynów, 
    
    
        Warszawa	Właściciel	Mieszkanie	2 pokoje	1 łazienka	40	UlicaNa sprzedaż kamienica w Pułtusku - 400 m².	699 000 zł	23/04/2019	Pułtusk, 
    
    
        Północne powiaty	Agencja	Dom	6 lub więcej pokoi	4 lub więcej łazienek	400Na sprzedaż dom na warszawskim Wawrze - 180 m².	980 000 zł	23/04/2019	Wawer, 
    
    
        Warszawa	Agencja	Dom	5 pokoi	1 łazienka	180	GarażOkazja, 3 pokoje, garaż, metro Kabaty!	815 000 zł	23/04/2019	Ursynów, 
    
    
        Warszawa	Agencja	Mieszkanie	3 pokoje	86	GarażTrzypokojowe mieszkanie na Białołęce (78 m2).	570 000 zł	23/04/2019	Białołęka, 
    
    
        Warszawa	Agencja	Mieszkanie	3 pokoje	2 łazienki	78	GarażWarszawa, Wilanów, Wilanów, ul. Sarmacka	554 000 zł	23/04/2019	Wilanów, 
    
    
        Warszawa	Agencja	Mieszkanie	2 pokoje	1 łazienka	56	GarażMieszkanie Warszawa Wola 45.5m2 (nr: 76765/3645/OMS)	480 000 zł	23/04/2019	Wola, 
    
    
        Warszawa	Agencja	Mieszkanie	2 pokoje	46	GarażMieszkanie Warszawa Wola 75m2 (nr: 76766/3645/OMS)	999 000 zł	23/04/2019	Wola, 
    
    
        Warszawa	Agencja	Mieszkanie	2 pokoje	75	GarażDo sprzedania dom położony w pięknym miejscu na Młocinach	1 700 000 zł	23/04/2019	Bielany, 
    
    
        Warszawa	Agencja	Dom	250Mieszkanie 2 pokoje, widna kuchnia, 2 loggie. ŻOLIBORZ, Rydygiera.	695 000 zł	23/04/2019	Żoliborz, 
    
    
        Warszawa	Agencja	Mieszkanie	2 pokoje	1 łazienka	61	KrytyMieszkanie 3 pokojowe w Markach - Kupujący nie płaci prowizji.	329 000 zł	23/04/2019	Marki, 
    
    
        Pn - wsch powiaty	Mieszkanie	3 pokoje	1 łazienka	59Mieszkanie 3- 4 pokojowe 76,13m2 Jabłonna KUPUJĄCY NIE PŁACI PROWIZJI!!! 	390 000 zł	23/04/2019	Legionowo, 
    
    
        Północne powiaty	Mieszkanie	3 pokoje	2 łazienki	76Ładna willa miejska w zielonym otoczeniu	1 175 000 zł	23/04/2019	Wawer, 
    
    
        Warszawa	Agencja	Dom	6 lub więcej pokoi	2 łazienki	408	Garaż4 osobne pokoje, 48m2, Śródmieście, ul. Srebrna /Metro Rondo Daszyńskiego /Bezpośrednio ///	569 000 zł	23/04/2019	Śródmieście, 
    
    
        Warszawa	Właściciel	Mieszkanie	4 pokoje	1 łazienka	48	Garaż3 oddzielne pokoje, 15 minut do Cetrum	489 000 zł	23/04/2019	Praga Południe, 
    
    
        Warszawa	Agencja	Mieszkanie	3 pokoje	57OKAZJA, DOM Z DZIAŁKĄ 2 200 M2, KONSTNCIN	1 190 000 zł	23/04/2019	Konstancin-Jeziorna, 
    
    
        Południowe powiaty	Agencja	Mieszkanie	6 lub więcej pokoi	350	GarażM2 przy parku, Sadyba	399 000 zł	23/04/2019	Mokotów, 
    
    
        Warszawa	Agencja	Mieszkanie	2 pokoje	1 łazienka	37Warszawa, Ursynów, Imielin, ul. Alternatywy	570 000 zł	23/04/2019	Ursynów, 
    
    
        Warszawa	Agencja	Mieszkanie	2 pokoje	1 łazienka	65	GarażMieszkanie przy metrze Imielin, Okazja!	465 000 zł	23/04/2019	Ursynów, 
    
    
        Warszawa	Agencja	Mieszkanie	3 pokoje	2 łazienki	58	BrakMieszkanie 3- 4 pokojowe 76,13m2 Jabłonna 	390 000 zł	23/04/2019	Legionowo, 
    
    
        Północne powiaty	Mieszkanie	3 pokoje	1 łazienka	76Mieszkanie - Warszawa > Praga-Południe > Gocław > gen. Leopolda Okulickiego	496 000 zł	23/04/2019	Praga Południe, 
    
    
        Warszawa	Agencja	Mieszkanie	3 pokoje	1 łazienka	65Mieszkanie - Warszawa > Bemowo > Jelonki > Karola Irzykowskiego	387 000 zł	23/04/2019	Bemowo, 
    
    
        Warszawa	Agencja	Mieszkanie	2 pokoje	1 łazienka	46Ciekawa kawalerka w centrum	136 000 zł	23/04/2019	Nowy Dwór Mazowiecki, 
    
    
        Pn - zach powiaty	Agencja	Mieszkanie	Kawalerka lub garsoniera	1 łazienka	24Mieszkanie - Warszawa > Targówek > Zacisze > Uznamska	749 000 zł	23/04/2019	Targówek, 
    
    
        Warszawa	Agencja	Mieszkanie	6 lub więcej pokoi	1 łazienka	140Mieszkanie - Warszawa > Praga-Północ > Praga > Ząbkowska	825 000 zł	23/04/2019	Praga Północ, 
    
    
        Warszawa	Agencja	Mieszkanie	4 pokoje	86Warszawa-Mokotów-Sadyba-dom o pow.210m2/działka-314m2,5pokoi,garaż,ogród ładny,cisza,posiada KW  	1 590 000 zł	23/04/2019	Mokotów, 
    
    
        Warszawa	Agencja	Dom	5 pokoi	3 łazienki	210	GarażMieszkanie - Warszawa > Wola > Mirów > Chłodna	440 000 zł	23/04/2019	Wola, 
    
    
        Warszawa	Agencja	Mieszkanie	2 pokoje	1 łazienka	25Mieszkanie - Warszawa > Bemowo > Wrocławska	435 000 zł	23/04/2019	Bemowo, 
    
    
        Warszawa	Agencja	Mieszkanie	2 pokoje	1 łazienka	46Mieszkanie - Warszawa > Wola > al. Prymasa Tysiąclecia	439 000 zł	23/04/2019	Wola, 
    
    
        Warszawa	Agencja	Mieszkanie	3 pokoje	1 łazienka	46Mieszkanie - Warszawa > Ursus > Stanisława Bodycha	540 000 zł	23/04/2019	Ursus, 
    
    
        Warszawa	Agencja	Mieszkanie	5 pokoi	72Mieszkanie - Warszawa > Wawer > Celulozy	950 000 zł	23/04/2019	Wawer, 
    
    
        Warszawa	Agencja	Mieszkanie	4 pokoje	153Mieszkanie - Warszawa > Praga-Południe > Ostrobramska	435 000 zł	23/04/2019	Praga Południe, 
    
    
        Warszawa	Agencja	Mieszkanie	2 pokoje	45Mieszkanie - Warszawa > Praga-Południe > Grochowska	570 000 zł	23/04/2019	Praga Południe, 
    
    
        Warszawa	Agencja	Mieszkanie	3 pokoje	7459,54m, Obrońców Tobruku 19, 2-pokojowy apartament z garażem, 2006r. 	595 000 zł	23/04/2019	Bemowo, 
    
    
        Warszawa	Agencja	Mieszkanie	2 pokoje	1 łazienka	60	GarażSprzedam salon kometyczny 100 m2 	140 000 zł	23/04/2019	Wola, 
    
    
        Warszawa	Właściciel	Inne	6 lub więcej pokoi	1 łazienka	100Kawalerka w kamienicy przy Placu Zbawiciela, wysokość mieszkania 3,3 m	389 900 zł	10/04/2019	Śródmieście, 
    
    
        Warszawa	Właściciel	Mieszkanie	Kawalerka lub garsoniera	1 łazienka	24BEZPOŚREDNIO NA SPRZEDAŻ atrakcyjne mieszkanie	550 000 zł	09/04/2019	Praga Południe, 
    
    
        Warszawa	Właściciel	Mieszkanie	2 pokoje	1 łazienka	55	KrytyLUX 2 pokoje, MARSZAŁKOWSKA, Ogród Saski, METRO!	549 000 zł	22/04/2019	Śródmieście, 
    
    
        Warszawa	Właściciel	Mieszkanie	2 pokoje	1 łazienka	40Na sprzedaż mieszkanie - 4 pokoje, Mokotów, 73 m².	670 000 zł	23/04/2019	Mokotów, 
    
    
        Warszawa	Agencja	Mieszkanie	4 pokoje	1 łazienka	73Na sprzedaż dom na  Bielanach - 160 m².	1 350 000 zł	23/04/2019	Bielany, 
    
    
        Warszawa	Agencja	Dom	5 pokoi	2 łazienki	160Piękny dom w Konstancinie, okazja!	1 190 000 zł	23/04/2019	Konstancin-Jeziorna, 
    
    
        Południowe powiaty	Agencja	Dom	6 lub więcej pokoi	350Mieszkanie Warszawa Śródmieście 76m2 (nr: HHN-MS-8842-4)	850 000 zł	23/04/2019	Śródmieście, 
    
    
        Warszawa	Agencja	Mieszkanie	4 pokoje	76Okazja, 3 pokoje, metro Kabaty, balkon!	610 000 zł	23/04/2019	Ursynów, 
    
    
        Warszawa	Agencja	Mieszkanie	3 pokoje	70Mieszkanie Warszawa Mokotów 36m2 (nr: 754/7395/OMS)	385 000 zł	23/04/2019	Mokotów, 
    
    
        Warszawa	Agencja	Mieszkanie	Kawalerka lub garsoniera	36Apartament 2 pokojowy Złota 44	2 900 000 zł	23/04/2019	Śródmieście, 
    
    
        Warszawa	Agencja	Mieszkanie	2 pokoje	1 łazienka	63Warszawa, Ursynów, Ursynów Północny, ul. Nowoursynowska	462 000 zł	23/04/2019	Ursynów, 
    
    
        Warszawa	Agencja	Mieszkanie	2 pokoje	1 łazienka	42Mieszkanie 70 m2, okolice METRA POLITECHNIKA, Śródmieście Południowe	840 000 zł	23/04/2019	Śródmieście, 
    
    
        Warszawa	Agencja	Mieszkanie	2 pokoje	2 łazienki	70Okazja, 3 pokoje, wysoki standard, metro Kabaty!	720 000 zł	23/04/2019	Ursynów, 
    
    
        Warszawa	Agencja	Mieszkanie	3 pokoje	88Warszawa-Włochy- 50m2/2pokojowy apartament,rozkładowy,wys.standard,garaż,3p.winda,balkon,2014r.	499 000 zł	23/04/2019	Włochy, 
    
    
        Warszawa	Agencja	Mieszkanie	2 pokoje	1 łazienka	50	Garaż2pokojowy apartament na Wilanowie, wysoki standard	549 000 zł	23/04/2019	Wilanów, 
    
    
        Warszawa	Agencja	Mieszkanie	2 pokoje	54Mieszkanie lub biuro 3 pokoje 63 m2, centrum, ŚRÓDMIEŚCIE, ul. Nowy Świat	750 000 zł	23/04/2019	Śródmieście, 
    
    
        Warszawa	Agencja	Mieszkanie	3 pokoje	1 łazienka	632-pokojowe mieszkanie po remoncie na Gocławiu	380 000 zł	23/04/2019	Praga Południe, 
    
    
        Warszawa	Agencja	Mieszkanie	2 pokoje	39Eleganckie 1-pokojowe mieszkanie na Ochocie	320 000 zł	23/04/2019	Ochota, 
    
    
        Warszawa	Agencja	Mieszkanie	Kawalerka lub garsoniera	29Wyjątkowy Apartament / 4 pokoje / 56 m2 / Kamienica	580 000 zł	23/04/2019	Mokotów, 
    
    
        Warszawa	Agencja	Mieszkanie	4 pokoje	1 łazienka	56Warszawa pogranicze solidny dom 185/500m. Energooszczędny.	679 000 zł	23/04/2019	Białołęka, 
    
    
        Warszawa	Właściciel	Dom	5 pokoi	2 łazienki	185	GarażKlimatyczne 3 pokoje na Ochocie, 15 min Centrum	539 000 zł	23/04/2019	Ochota, 
    
    
        Warszawa	Agencja	Mieszkanie	3 pokoje	47Trzy oddzielne pokoje + miejsce postojowe gratis	365 000 zł	23/04/2019	Praga Południe, 
    
    
        Warszawa	Agencja	Mieszkanie	3 pokoje	1 łazienka	44	Ulica70 m2, 3 pokoje, garderoba, taras, garaż	590 000 zł	17/04/2019	Ursus, 
    
    
        Warszawa	Właściciel	Mieszkanie	3 pokoje	1 łazienka	70	GarażPiękne 3 pokojowe mieszkanie, Centrum Piaseczna	349 990 zł	19/04/2019	Piaseczno, 
    
    
        Południowe powiaty	Właściciel	Mieszkanie	3 pokoje	1 łazienka	47Красивый, тихий и солнечный апартамент на Woli, Worcella 5A + фитнес	479 000 zł	13/04/2019	Wola, 
    
    
        Warszawa	Właściciel	Mieszkanie	Kawalerka lub garsoniera	1 łazienka	342 oddzielne pokoje na Bielanach, wysoki standard	350 000 zł	23/04/2019	Bielany, 
    
    
        Warszawa	Agencja	Mieszkanie	2 pokoje	351-pokojowe mieszkanie na Rakowcu, Ochota	369 000 zł	23/04/2019	Ochota, 
    
    
        Warszawa	Agencja	Mieszkanie	Kawalerka lub garsoniera	36Mieszkanie Warszawa Ochota 31m2 (nr: 5104/800/OMS)	375 000 zł	23/04/2019	Ochota, 
    
    
        Warszawa	Agencja	Mieszkanie	Kawalerka lub garsoniera	31Nowoczesny apartament na Zaciszu, Targówek	462 000 zł	23/04/2019	Targówek, 
    
    
        Warszawa	Agencja	Mieszkanie	2 pokoje	51	Ulica3-pokojowe mieszkanie na Pradze, 10 min do Centrum	396 000 zł	23/04/2019	Praga Południe, 
    
    
        Warszawa	Agencja	Mieszkanie	3 pokoje	483-pokojowe mieszkanie blisko metra Imielin	519 000 zł	23/04/2019	Ursynów, 
    
    
        Warszawa	Agencja	Mieszkanie	3 pokoje	1 łazienka	633-pokojowe mieszkanie po remoncie, metro Kabaty	536 000 zł	23/04/2019	Ursynów, 
    
    
        Warszawa	Agencja	Mieszkanie	3 pokoje	542 pokojowe mieszkanie przy CH ARKADIA	420 000 zł	23/04/2019	Żoliborz, 
    
    
        Warszawa	Agencja	Mieszkanie	2 pokoje	382-pokojowe mieszkanie przy CH Arkadia	399 000 zł	23/04/2019	Żoliborz, 
    
    
        Warszawa	Agencja	Mieszkanie	2 pokoje	39Klimatyczne 2 pokoje na Ochocie, 15 min Centrum	475 000 zł	23/04/2019	Ochota, 
    
    
        Warszawa	Agencja	Mieszkanie	2 pokoje	502-pokojowe mieszkanie, 2 minuty do metra Słodowiec	370 000 zł	23/04/2019	Bielany, 
    
    
        Warszawa	Agencja	Mieszkanie	2 pokoje	37Dwa pokoje w Al. Niepodległości róg Koszykowej	625 000 zł	23/04/2019	Śródmieście, 
    
    
        Warszawa	Agencja	Mieszkanie	2 pokoje	1 łazienka	61	UlicaPięć pokoi, dwa poziomy. Kameralne osiedle. Garaż. Zielone Nowodwory	599 000 zł	23/04/2019	Białołęka, 
    
    
        Warszawa	Agencja	Mieszkanie	5 pokoi	2 łazienki	95	GarażPrzestronne, dwupokojowe mieszkanie, budynek z 2007 r, garaż, balkon, ul. Alternatywy	599 000 zł	23/04/2019	Ursynów, 
    
    
        Warszawa	Agencja	Mieszkanie	2 pokoje	1 łazienka	66	GarażMieszkanie Warszawa Praga Południe 76.33m2 (nr: BRZ-MS-154309-1)	569 000 zł	23/04/2019	Praga Południe, 
    
    
        Warszawa	Agencja	Mieszkanie	3 pokoje	77Bliźniak, 5-pok., 150 m2, działka 534 m2	1 000 000 zł	23/04/2019	Wawer, 
    
    
        Warszawa	Agencja	Dom	5 pokoi	150Okazja, Bliźniak, 5-pok., 210 m2 z działka 400 m2.	635 000 zł	23/04/2019	Sulejówek, 
    
    
        Wschodnie powiaty	Agencja	Dom	5 pokoi	210Mieszkanie w Mińsku Mazowieckim	70 783 zł	23/04/2019	Mińsk Mazowiecki, 
    
    
        Wschodnie powiaty	Agencja	MieszkanieATRAKCYJNE 3 POKOJOWE METRO KABATY !!!	610 000 zł	23/04/2019	Ursynów, 
    
    
        Warszawa	Agencja	Mieszkanie	3 pokoje	70Kawalerka w Centrum Warszawy!	239 000 zł	23/04/2019	Śródmieście, 
    
    
        Warszawa	Właściciel	Mieszkanie	Kawalerka lub garsoniera	1 łazienka	162 przestronne pokoje na Ochocie przy ul. Szczęśliwickiej	470 000 zł	18/04/2019	Ochota, 
    
    
        Warszawa	Agencja	Mieszkanie	2 pokoje	1 łazienka	52Apartament 117 m2 z kominkiem na Kabatach - bezpośrednio	1 287 000 zł	16/04/2019	Ursynów, 
    
    
        Warszawa	Właściciel	Mieszkanie	4 pokoje	2 łazienki	117	GarażOkazja, kawalerka na prestiżowym osiedlu Eko Park!	349 000 zł	23/04/2019	Mokotów, 
    
    
        Warszawa	Agencja	Mieszkanie	Kawalerka lub garsoniera	28Warszawa, Ursynów, Stary Imielin, ul. Rybitwy	490 000 zł	23/04/2019	Ursynów, 
    
    
        Warszawa	Agencja	Mieszkanie	2 pokoje	1 łazienka	51	GarażMikroapartament blisko centrum	199 000 zł	23/04/2019	Wola, 
    
    
        Warszawa	Agencja	Mieszkanie	Kawalerka lub garsoniera	20	GarażMini-apart Idealny na Inwestycje BOOKING & AIRBNB	225 000 zł	23/04/2019	Śródmieście, 
    
    
        Warszawa	Agencja	Mieszkanie	Kawalerka lub garsoniera	20jak ZŁOTA 44 & COSMOPOLITAN zainwestuj zamieszkaj	325 000 zł	23/04/2019	Śródmieście, 
    
    
        Warszawa	Agencja	Mieszkanie	2 pokoje	31Pięknie urządzone 2 pokoje na Wilanowie.	799 000 zł	23/04/2019	Wilanów, 
    
    
        Warszawa	Agencja	Mieszkanie	2 pokoje	74Okazja, 2 pokoje tuż przy stacji metra Kabaty, garaż!	460 000 zł	23/04/2019	Ursynów, 
    
    
        Warszawa	Agencja	Mieszkanie	2 pokoje	50	GarażWarszawa, Ursynów, Ursynów Północny, ul. Witolda Zawadowskiego	499 000 zł	23/04/2019	Ursynów, 
    
    
        Warszawa	Agencja	Mieszkanie	2 pokoje	1 łazienka	60	GarażLokal użytkowy na warszawskiej Woli (57 m2).	685 000 zł	23/04/2019	Wola, 
    
    
        Warszawa	Agencja	Mieszkanie	2 pokoje	1 łazienka	57Apartament na Bielanach 120m2, 2 miejsca postojowe	1 590 000 zł	23/04/2019	Bielany, 
    
    
        Warszawa	Agencja	Mieszkanie	4 pokoje	120NOWOCZESNE STUDIO NA MOKOTOWIE	399 000 zł	23/04/2019	Mokotów, 
    
    
        Warszawa	Agencja	Mieszkanie	Kawalerka lub garsoniera	1 łazienka	29	GarażNa Zielonym Zaciszu 2 pokoje	499 000 zł	23/04/2019	Mokotów, 
    
    
        Warszawa	Agencja	Mieszkanie	2 pokoje	1 łazienka	62	GarażWarszawa, Ursynów, Ursynów Północny, ul. Hawajska	465 000 zł	23/04/2019	Ursynów, 
    
    
        Warszawa	Agencja	Mieszkanie	3 pokoje	1 łazienka	61Kawalerka z dużym tarasem Ursynów Natolin sprzedam	417 000 zł	23/04/2019	Ursynów, 
    
    
        Warszawa	Agencja	Mieszkanie	Kawalerka lub garsoniera	1 łazienka	44ATRAKCYJNE 3 POKOJOWE PRZY METRZE KABATY!!!	815 000 zł	23/04/2019	Ursynów, 
    
    
        Warszawa	Agencja	Mieszkanie	3 pokoje	86Warszawa, Targówek, ul.Głębocka 54C	400 000 zł	23/04/2019	Białołęka, 
    
    
        Warszawa	Agencja	Mieszkanie	2 pokoje	2 łazienki	61	UlicaNowe Mieszkanie w inwestycji Przy Arkadii z widokiem na centrum	584 900 zł	23/04/2019	Żoliborz, 
    
    
        Warszawa	Właściciel	Mieszkanie	3 pokoje	1 łazienka	47	GarażMieszkanie przy Hali Mirowskiej, ogrodzony teren, po remoncie, METRO, parking	950 000 zł	09/04/2019	Śródmieście, 
    
    
        Warszawa	Właściciel	Mieszkanie	3 pokoje	2 łazienki	82	UlicaBEZPOŚREDNIO Piękna kawalerka, Śródmieście/Wola, ul.Nowolipki - OKAZJA	499 000 zł	25/03/2019	Śródmieście, 
    
    
        Warszawa	Właściciel	Mieszkanie	Kawalerka lub garsoniera	1 łazienka	33	UlicaOkazja, 3 pokoje przy stacji metra Ursynów!	495 000 zł	23/04/2019	Ursynów, 
    
    
        Warszawa	Agencja	Mieszkanie	3 pokoje	63Centrum okolice Metro Ratusz Arsenał 2 pok	509 000 zł	23/04/2019	Śródmieście, 
    
    
        Warszawa	Agencja	Mieszkanie	2 pokoje	48Mieszkanie 32m2 na Starym Mieście	497 000 zł	23/04/2019	Śródmieście, 
    
    
        Warszawa	Mieszkanie	Kawalerka lub garsoniera	1 łazienka	32Kawalerka, 31m2, Ursynów Służew, nowa inwestycja	288 000 zł	23/04/2019	Ursynów, 
    
    
        Warszawa	Agencja	Mieszkanie	Kawalerka lub garsoniera	32Piękne mieszkania w super lokalizacji.	195 220 zł	23/04/2019	Radom, 
    
    
        Południowe powiaty	Agencja	Mieszkanie	2 pokoje	463 pokoje Krochmalna metro ONZ centrum	540 000 zł	23/04/2019	Wola, 
    
    
        Warszawa	Agencja	3 pokoje	48Rozkładowe, GOCŁAW, dwa balkony	515 000 zł	23/04/2019	Praga Południe, 
    
    
        Warszawa	Agencja	Mieszkanie	4 pokoje	1 łazienka	71Bobrowiec, bliźniak do wykończenia, przy lesie	720 000 zł	23/04/2019	Ursynów, 
    
    
        Warszawa	Agencja	Mieszkanie	5 pokoi	3 łazienki	240	GarażRozkładowe dwupokojowe. Widna kuchnia	386 000 zł	18/04/2019	Wola, 
    
    
        Warszawa	Agencja	Mieszkanie	2 pokoje	1 łazienka	42	UlicaMieszkanie na sprzedaż, Mazowieckie, Warszawa, Wola	130 425 zł	02/04/2019	Wola, 
    
    
        Warszawa	Agencja	Mieszkanie	Kawalerka lub garsoniera	1 łazienka	27